x_Rsun,y_Rsun,z_Rsun,h_Rsun,mass_Msun,rho_g_cm3,u_m2_s2,visibility,brightness
1.792911495230726793e-01,-9.220478989121174557e-03,8.444871627706921347e-01,8.772432374321928461e-02,2.000000000000000164e-05,3.344949167723522132e-01,1.338414017503075981e+10,2.121962097414040738e-01,2.121962097414040738e-01
-2.246746515107085895e-01,-3.783284307805447888e-01,7.576760592194893285e-01,9.221344651985133312e-02,2.000000000000000164e-05,2.879821748444600926e-01,1.452259924555560112e+10,1.070928887302298183e-01,1.070928887302298183e-01
-5.000823833739914681e-01,4.932573749729878276e-01,4.702942531788614766e-01,8.402164669855914647e-02,2.000000000000000164e-05,3.806948270409986623e-01,1.864115511075594330e+10,1.201767076116192455e-02,1.201767076116192455e-02
6.386294521638785637e-02,-5.036144225641617789e-01,6.238436958693118761e-01,7.265811540998470819e-02,2.000000000000000164e-05,5.887090190413244439e-01,2.455540951575985336e+10,7.526127542246417550e-03,7.526127542246417550e-03
4.019759987417946268e-01,-3.113757983377114513e-01,6.530448110857725030e-01,8.111997702798130760e-02,2.000000000000000164e-05,4.230266824452064145e-01,2.908713537871909332e+10,2.808114278952581529e-03,2.808114278952581529e-03
-4.099433668605379499e-01,-1.842833206271254076e-01,6.753152706703021702e-01,7.501626489782435570e-02,2.000000000000000164e-05,5.349168288935891580e-01,2.471981608238243103e+10,4.238912287962258267e-03,4.238912287962258267e-03
1.337474187120137048e-01,5.839565463283333258e-02,7.783227800581785649e-01,6.930034765604430047e-02,2.000000000000000164e-05,6.784977510927298061e-01,2.659255738225862122e+10,5.094107265766527554e-04,5.094107265766527554e-04
-5.028455861110890934e-01,-1.538083716658840694e-01,5.831605059756208576e-01,6.784936272257501011e-02,2.000000000000000164e-05,7.229656860765715232e-01,2.458979842365783691e+10,1.420615421546377196e-04,1.420615421546377196e-04
3.973249983218277159e-02,5.177212884047176500e-01,5.750308952318859967e-01,6.795576986669039921e-02,2.000000000000000164e-05,7.195727552395656534e-01,2.856977769471934891e+10,2.011952496423295006e-04,2.011952496423295006e-04
-1.785204144086702943e-02,4.940087130219021905e-01,7.611933441258711408e-01,1.091745212566800072e-01,2.000000000000000164e-05,1.735316122124419547e-01,1.396329259731870461e+10,1.000000000000000000e+00,1.000000000000000000e+00
-6.803362011203207826e-01,-3.875390820524133861e-01,4.332632427337492764e-01,1.044720253645757407e-01,2.000000000000000164e-05,1.980360604571221317e-01,1.392257135007660294e+10,6.498300137318346881e-02,6.498300137318346881e-02
-4.763826879179207108e-01,-6.806686463658007114e-01,2.845660584341317967e-01,9.614116684108059419e-02,2.000000000000000164e-05,2.541085721899482563e-01,1.546060878235487175e+10,2.085585735374493460e-02,2.085585735374493460e-02
3.173777372344098180e-01,8.066959527631577531e-01,1.024812012139170170e-01,9.416120462073825081e-02,2.000000000000000164e-05,2.704782756607826966e-01,1.375114860354191780e+10,1.261470273199351972e-04,1.261470273199351972e-04
-4.181389887271607098e-01,-4.459963440767206189e-01,6.281586634134032066e-01,9.412337212250732055e-02,2.000000000000000164e-05,2.708046110229119230e-01,1.420684425648066521e+10,5.922333014774235765e-02,5.922333014774235765e-02
4.026798018512000449e-02,7.632605985019912387e-01,3.658995268047452454e-01,8.517876336737864595e-02,2.000000000000000164e-05,3.653896730401841597e-01,2.052859237738593674e+10,1.416364070291343570e-02,1.416364070291343570e-02
-3.965647103636888438e-01,-2.951253515126400773e-01,6.098924324190933000e-01,7.054025451118396683e-02,2.000000000000000164e-05,6.433424741204748498e-01,3.310160525966429520e+10,2.074875515232206893e-04,2.074875515232206893e-04
-3.916663137500373537e-01,-8.810429230817869162e-02,7.072570736339811592e-01,7.550331139405325187e-02,2.000000000000000164e-05,5.246316283560789051e-01,2.704236362602377319e+10,8.907411213850278259e-03,8.907411213850278259e-03
4.265561336231091238e-01,-3.805682446820050219e-02,6.461460509569212363e-01,6.735462481632191467e-02,2.000000000000000164e-05,7.390120963494363204e-01,3.171315349751706696e+10,1.833553015273681598e-04,1.833553015273681598e-04
-1.506810692245258432e-01,-7.408504949614551638e-01,2.996915094274536506e-01,7.122453393448288650e-02,2.000000000000000164e-05,6.249774217285036793e-01,1.680929957420764732e+10,3.857823067548894888e-04,3.857823067548894888e-04
4.840865951619378049e-01,-7.455243250347444173e-01,1.054181326277200265e-01,1.027399646649322790e-01,2.000000000000000164e-05,2.082220514842628711e-01,1.446371650171645546e+10,8.283638385443214958e-03,8.283638385443214958e-03
1.885083579316173263e-01,-5.845945251072619531e-01,4.620086227278035751e-01,6.495845640159014778e-02,2.000000000000000164e-05,8.238479776501942409e-01,3.034795724929112625e+10,1.273203345253050745e-04,1.273203345253050745e-04
-2.156602151585475940e-02,-1.091730403844579644e-01,7.688641230290161888e-01,6.937995481978084800e-02,2.000000000000000164e-05,6.761630772499598319e-01,3.424684733711556625e+10,3.832735983010914513e-04,3.832735983010914513e-04
7.495344706554658842e-02,2.537949772764636625e-01,7.424360689533949786e-01,7.070293135679873997e-02,2.000000000000000164e-05,6.389131068804663194e-01,2.874041926076033783e+10,1.055203222749998568e-03,1.055203222749998568e-03
-1.075407741221942430e-02,-5.638331778081714374e-01,5.320928486985867512e-01,6.617362672439525140e-02,2.000000000000000164e-05,7.792901356352486264e-01,3.587322050621551514e+10,3.120798381447083053e-04,3.120798381447083053e-04
-6.056987057228232496e-01,-5.622954441150346261e-01,2.672671494492409039e-01,9.203137017205928472e-02,2.000000000000000164e-05,2.896948394021086060e-01,1.284744451420231247e+10,1.966812997448024250e-02,1.966812997448024250e-02
-3.604725224755556123e-01,3.220635225570370880e-02,6.919109780828240908e-01,6.928370697035801662e-02,2.000000000000000164e-05,6.789849614147654977e-01,3.364477744048405075e+10,4.773351464930955502e-04,4.773351464930955502e-04
-4.930018547229383929e-01,2.115451563412336367e-01,5.854286135277912972e-01,7.046231597050835183e-02,2.000000000000000164e-05,6.454796703660820034e-01,2.559199747204842377e+10,1.548428936523565426e-03,1.548428936523565426e-03
3.126709460434246579e-01,6.503839988355805124e-01,3.791114523662162394e-01,7.559373853189915726e-02,2.000000000000000164e-05,5.227510915557267435e-01,2.633615273486617279e+10,1.869368330656100260e-04,1.869368330656100260e-04
-9.872681816654092779e-02,-1.610595331020084064e-01,7.818999045271061155e-01,7.317281710416388696e-02,2.000000000000000164e-05,5.763730152454800137e-01,2.861095566558596802e+10,8.302920560805513231e-03,8.302920560805513231e-03
-4.387551859939264332e-01,-6.490221716553173925e-01,4.008182573673945148e-01,9.701662851553645439e-02,2.000000000000000164e-05,2.472911298739583208e-01,1.405800024473569107e+10,6.167807986366388717e-02,6.167807986366388717e-02
-4.417126166980669399e-01,5.582142113191957966e-01,5.302032369167455350e-01,1.010276250740660964e-01,2.000000000000000164e-05,2.189904313181951501e-01,1.346752041467541504e+10,2.408939874989791952e-01,2.408939874989791952e-01
2.389665882602512795e-02,3.732576840507905724e-01,7.007813313129500621e-01,7.280520182327791801e-02,2.000000000000000164e-05,5.851484183961060959e-01,3.014223061351983643e+10,1.820716777307454081e-03,1.820716777307454081e-03
2.109970187696223187e-01,3.315110430967063704e-01,6.704344022080799270e-01,6.601851022797458612e-02,2.000000000000000164e-05,7.847961330608161923e-01,2.406627012660232925e+10,4.885553375907296771e-04,4.885553375907296771e-04
6.544173878028806124e-01,3.755691141717824033e-01,3.373794514615743867e-01,7.610129301047295625e-02,2.000000000000000164e-05,5.123612029655625344e-01,1.257799893565713310e+10,2.824940084944775782e-04,2.824940084944775782e-04
5.287767435611805400e-01,5.812565669856792905e-01,2.963754026437996347e-01,8.164478698153576630e-02,2.000000000000000164e-05,4.149212919105559338e-01,2.133870993255034256e+10,8.434514674148252140e-04,8.434514674148252140e-04
-4.915861733609492856e-01,-3.516345541607992509e-01,5.422615111779953700e-01,7.618931410956550354e-02,2.000000000000000164e-05,5.105875054237146715e-01,2.900313137035865021e+10,4.465716793265524665e-04,4.465716793265524665e-04
-5.012491192377017263e-02,-4.155318792435215292e-01,6.522864272778754469e-01,6.698652150722650411e-02,2.000000000000000164e-05,7.512622894054656886e-01,3.177282271428053665e+10,3.271767886358925245e-04,3.271767886358925245e-04
-4.003470146238925498e-01,3.200876162556192117e-01,6.602002860830986641e-01,8.393344414394871000e-02,2.000000000000000164e-05,3.818962812917164884e-01,3.532710493063540649e+10,9.288059254690615371e-03,9.288059254690615371e-03
3.762563926224460897e-01,7.588733641003312380e-01,1.314687790271366341e-01,8.728149274510436928e-02,2.000000000000000164e-05,3.396121585881980987e-01,1.349317162721340942e+10,1.006741574819059799e-04,1.006741574819059799e-04
1.011916880469610758e-01,-3.505208948053675222e-01,7.939509714751900038e-01,9.292245873954554924e-02,2.000000000000000164e-05,2.814401699923274047e-01,1.487415308385037613e+10,4.344722349189308885e-01,4.344722349189308885e-01
-5.326157873527799236e-01,2.853264540780384162e-01,5.069974258067148076e-01,6.954156047221812798e-02,2.000000000000000164e-05,6.714600311699584489e-01,2.410085960114234543e+10,3.668395998176287687e-04,3.668395998176287687e-04
2.328495896028940498e-02,-8.118836887570382022e-01,3.275498313257640404e-01,9.367782015842175680e-02,2.000000000000000164e-05,2.746872426376031906e-01,1.197274031836552429e+10,1.715797415862964082e-01,1.715797415862964082e-01
4.847418457863132968e-01,-2.062769029278501975e-01,6.975399599748022261e-01,9.461802852383002782e-02,2.000000000000000164e-05,2.665795656416650727e-01,1.345914833833096504e+10,2.205818907921099914e-01,2.205818907921099914e-01
7.520340890420635915e-01,2.080421351493785820e-02,4.348586443301892812e-01,9.173747582976848891e-02,2.000000000000000164e-05,2.924880644036084720e-01,1.671946750973099136e+10,2.395087596114094941e-01,2.395087596114094941e-01
-5.969523804808275769e-02,-5.783974171085137783e-01,5.616759469882760536e-01,7.291655445315542439e-02,2.000000000000000164e-05,5.824712950320897198e-01,2.632832294163715744e+10,1.225265931137149277e-03,1.225265931137149277e-03
5.568265734479772577e-01,6.684702939066642369e-01,1.098268127137205508e-01,9.716034983616482490e-02,2.000000000000000164e-05,2.461953066367836285e-01,1.546518100255345726e+10,1.900573365346829415e-03,1.900573365346829415e-03
6.318927234267370796e-01,-5.932483841674146552e-01,1.289031788550993318e-01,9.444877289639881657e-02,2.000000000000000164e-05,2.680151898633567620e-01,1.753360919215752411e+10,8.216970170687858468e-03,8.216970170687858468e-03
-7.880990342728539932e-01,-1.174157478616949107e-01,3.725051314291086269e-01,9.732415214822945360e-02,2.000000000000000164e-05,2.449543259278428309e-01,1.656667773722647285e+10,2.587893239844868756e-02,2.587893239844868756e-02
2.840373055782104972e-01,-5.386279613319512327e-01,5.076597934765240128e-01,7.044567682785832230e-02,2.000000000000000164e-05,6.459371648662775023e-01,2.281547529408447266e+10,2.753448755270043909e-03,2.753448755270043909e-03
-4.460063218684577890e-01,-3.127411330754612528e-01,5.899710931622625942e-01,7.423213890860652642e-02,2.000000000000000164e-05,5.520482010254010863e-01,3.131514771150655746e+10,7.729372771066233628e-04,7.729372771066233628e-04
6.370963955074913088e-01,3.830784570216998891e-02,5.372838765458364252e-01,7.846355170912019950e-02,2.000000000000000164e-05,4.674637251939885996e-01,9.892159132854173660e+09,2.342430943916602379e-02,2.342430943916602379e-02
-7.341350953370358035e-01,-4.388330154986884724e-01,9.936369345400504483e-02,8.852935694242168585e-02,2.000000000000000164e-05,3.254524239463137958e-01,1.596253588799247551e+10,1.930575276714481807e-04,1.930575276714481807e-04
-6.032407973039934923e-01,-4.299367168337118739e-01,4.875228713806895042e-01,9.961243074507004913e-02,2.000000000000000164e-05,2.284575142437205719e-01,1.673569878250835037e+10,1.963645654022258547e-01,1.963645654022258547e-01
3.719055626152067418e-01,-5.004124439185718698e-01,4.780259193935306739e-01,6.958366681508665330e-02,2.000000000000000164e-05,6.702418435944533792e-01,2.758256471354070663e+10,8.590039230577891684e-04,8.590039230577891684e-04
-7.261107213973443282e-03,-4.295973059316412490e-01,7.593335979004773861e-01,9.270029015821411311e-02,2.000000000000000164e-05,2.834685924200573970e-01,1.376266062937608719e+10,4.783029707653774776e-01,4.783029707653774776e-01
-4.938064785715073901e-01,-5.088622714568932226e-01,5.078093878359021263e-01,9.249817177125028989e-02,2.000000000000000164e-05,2.853309223436842346e-01,1.412119772603218079e+10,5.218417564290348670e-02,5.218417564290348670e-02
8.262773553687980943e-01,-2.520966962427566016e-01,9.117295887175641544e-02,9.175907567195047687e-02,2.000000000000000164e-05,2.922815558334480590e-01,1.266478589011382866e+10,1.095322258411785297e-04,1.095322258411785297e-04
2.571389145556610134e-01,-7.057316308974806995e-01,4.683124657125706247e-01,9.969323213727010469e-02,2.000000000000000164e-05,2.279024624292472767e-01,1.438498012595619392e+10,2.400938540676474386e-01,2.400938540676474386e-01
-3.571015340376738068e-01,7.209336867876630084e-01,3.401715284900321823e-01,9.320170415812115139e-02,2.000000000000000164e-05,2.789184915922635621e-01,1.638337829495166969e+10,4.661063691199750225e-02,4.661063691199750225e-02
-4.281294863768623227e-01,-5.248078058188925255e-01,4.411791107079374163e-01,7.311504447425917763e-02,2.000000000000000164e-05,5.777403747468821127e-01,2.562573009555151367e+10,1.832789633723899616e-04,1.832789633723899616e-04
-4.743670982771714950e-01,-3.115660563824674267e-01,6.495373886578390543e-01,8.874435564716934288e-02,2.000000000000000164e-05,3.230926794345642672e-01,1.978100608864524841e+10,4.287951131249417847e-02,4.287951131249417847e-02
6.633329041998553555e-01,5.043085337270548640e-01,2.789022493412826043e-01,9.572512559860153758e-02,2.000000000000000164e-05,2.574363280911568519e-01,1.532280501305909538e+10,8.628689103091574664e-02,8.628689103091574664e-02
5.744590939785194639e-01,-2.119654037424990867e-01,6.166814272986764767e-01,9.316276348702860755e-02,2.000000000000000164e-05,2.792686902981406094e-01,1.448093209074444199e+10,2.359701822306379537e-01,2.359701822306379537e-01
5.702901897181062996e-01,-6.988680147126962172e-01,1.022798661950404947e-01,1.091522734113753584e-01,2.000000000000000164e-05,1.736377470222074393e-01,1.466268555311219597e+10,1.073243396149820006e-02,1.073243396149820006e-02
-4.903442296792617783e-01,3.311333636086887244e-01,6.712195230595554563e-01,1.040015179801773992e-01,2.000000000000000164e-05,2.007360904224299580e-01,1.693581263783311081e+10,3.919015326722292136e-01,3.919015326722292136e-01
-7.589135047572601600e-01,-2.389117514437722467e-01,3.740626709189628363e-01,9.730300372188437075e-02,2.000000000000000164e-05,2.451140413338260271e-01,1.303631889403578377e+10,1.073862056525599629e-01,1.073862056525599629e-01
-5.666565471846675139e-01,-1.874952606241062358e-01,5.811117684772569847e-01,7.823665473608605592e-02,2.000000000000000164e-05,4.715427202540190543e-01,1.376535661821267319e+10,4.782914641059334698e-02,4.782914641059334698e-02
-8.038581164896709819e-01,6.424535233089427588e-02,3.936008472637084754e-01,1.069104200108859509e-01,2.000000000000000164e-05,1.847920510663659810e-01,1.579410463763850594e+10,1.000000000000000000e+00,1.000000000000000000e+00
1.620988963803544347e-01,3.113808100133867440e-01,8.018423045403283433e-01,9.548779833923477789e-02,2.000000000000000164e-05,2.593607671693784478e-01,1.525490804618532181e+10,2.472955963232365550e-01,2.472955963232365550e-01
2.476008059018778018e-01,7.205370786372528036e-01,3.247126447537407312e-01,7.901783030781769912e-02,2.000000000000000164e-05,4.576952236133775553e-01,2.506021534307040405e+10,1.100228985931506789e-04,1.100228985931506789e-04
8.236010449146735635e-01,7.751849896115872718e-02,3.440787972735457334e-01,1.061020360547294678e-01,2.000000000000000164e-05,1.890482017184393349e-01,1.354204076380199623e+10,1.365870098216284689e-01,1.365870098216284689e-01
3.371217898020497095e-01,7.925136132937099509e-01,2.272864447572483237e-01,1.011425490768010638e-01,2.000000000000000164e-05,2.182447696392532666e-01,1.460325452924954987e+10,4.593169891792980852e-02,4.593169891792980852e-02
-2.167575200729301155e-01,6.774946363579927022e-02,8.233180205420018716e-01,8.583592728321214060e-02,2.000000000000000164e-05,3.570613028660108434e-01,2.303551482249278641e+10,4.442655048257687644e-02,4.442655048257687644e-02
3.508791035941191128e-01,-4.252592241222682978e-01,6.065498600982165422e-01,7.521070345846157801e-02,2.000000000000000164e-05,5.307791627339459861e-01,1.617780360151548004e+10,1.965405308507545395e-03,1.965405308507545395e-03
-3.619142774144528535e-02,6.258877637775011986e-03,7.924071970604662507e-01,7.215472384584691035e-02,2.000000000000000164e-05,6.011172059682674540e-01,3.238908583800214005e+10,5.644102082730459435e-04,5.644102082730459435e-04
3.238464709068507030e-01,-3.640290938819809030e-01,6.706071054421671729e-01,7.871921667912609721e-02,2.000000000000000164e-05,4.629237443790395479e-01,1.953880757448917007e+10,5.188855924484678077e-03,5.188855924484678077e-03
-3.042918603370486919e-01,4.488308099661269535e-01,6.116530605557222167e-01,7.610677456283602982e-02,2.000000000000000164e-05,5.122504877276389257e-01,1.935848320583547974e+10,7.938873392468005080e-03,7.938873392468005080e-03
-5.261916130258720292e-01,-2.803174239916526589e-01,5.224240329957754447e-01,7.016165384223717327e-02,2.000000000000000164e-05,6.538149925545579944e-01,2.399564164127201843e+10,4.647085213610398810e-04,4.647085213610398810e-04
-5.193487747482631312e-01,-6.442764853227846977e-01,2.998186078237310426e-01,9.659663539676735522e-02,2.000000000000000164e-05,2.505308686746474667e-01,1.524848912894374275e+10,9.393973325565350974e-02,9.393973325565350974e-02
3.184580610100730125e-01,1.347715589149658666e-01,7.747439392471103803e-01,8.405022550594261344e-02,2.000000000000000164e-05,3.803066218085056072e-01,1.372634526648616791e+10,2.424784146110411931e-01,2.424784146110411931e-01
4.549030218386880819e-01,2.333373220496052711e-02,6.627147321457467211e-01,7.255120875754833554e-02,2.000000000000000164e-05,5.913155994818307670e-01,2.133250592153092575e+10,2.733787555935216374e-03,2.733787555935216374e-03
-4.419226776103850063e-01,1.639739895560391736e-01,6.097388109633162800e-01,6.586613039612308762e-02,2.000000000000000164e-05,7.902556109360776571e-01,2.933244013660596085e+10,4.080506174923881932e-04,4.080506174923881932e-04
5.330800023870336385e-02,6.021898161089643819e-01,5.460665029906547341e-01,7.334156678575311228e-02,2.000000000000000164e-05,5.724034673809496043e-01,1.828368302386257935e+10,2.323429604764583583e-03,2.323429604764583583e-03
-1.991467459292582676e-01,-4.160469376258832952e-01,6.365594705363297745e-01,6.807971956751468490e-02,2.000000000000000164e-05,7.156495841834453753e-01,2.445416369024422836e+10,4.105710599682768549e-04,4.105710599682768549e-04
-2.841978362515700796e-01,-6.057676741605216852e-01,5.635660130437694093e-01,9.397997970590270256e-02,2.000000000000000164e-05,2.720463701406519164e-01,1.577204997976606178e+10,1.018609232310154350e-01,1.018609232310154350e-01
-6.739463476182190327e-01,-5.567155490525993455e-01,7.118723434239151993e-02,9.549775428072776462e-02,2.000000000000000164e-05,2.592796306401277118e-01,1.518893765142584801e+10,7.562759519837513158e-04,7.562759519837513158e-04
4.897252645758276568e-01,3.520560621087167053e-01,6.272319882633148325e-01,9.258204840969490312e-02,2.000000000000000164e-05,2.845561040835341005e-01,1.857318663418870544e+10,2.542286150806035219e-02,2.542286150806035219e-02
-7.408738247494680573e-01,2.487789471620212856e-01,3.087678582571073971e-01,8.192797169648914635e-02,2.000000000000000164e-05,4.106335441901822203e-01,1.809912197946993637e+10,2.749419550893032055e-03,2.749419550893032055e-03
7.461007315463077383e-01,-3.760292145800005897e-02,4.294312401701088633e-01,8.872853544312792051e-02,2.000000000000000164e-05,3.232655337435849097e-01,1.454395404690003395e+10,6.573242456782711629e-02,6.573242456782711629e-02
-2.218231975052342986e-01,-7.363621509463396109e-01,2.955702418225237271e-01,7.467472461960472652e-02,2.000000000000000164e-05,5.422901758414312434e-01,1.522234645295037270e+10,1.913825288415863315e-03,1.913825288415863315e-03
-6.640898944128873493e-01,1.079520963335221240e-01,4.088872015369368618e-01,6.705891044375245080e-02,2.000000000000000164e-05,7.488319708300903432e-01,2.409182222954050827e+10,1.162126629180834555e-04,1.162126629180834555e-04
-2.532897827699710433e-02,6.814413481510094017e-02,8.951083272506059618e-01,1.020724524419226453e-01,2.000000000000000164e-05,2.123340076015038658e-01,1.295168789726951218e+10,1.000000000000000000e+00,1.000000000000000000e+00
-7.486342008940894965e-01,8.482812813235210414e-02,2.839252790303169460e-01,7.403027903446250668e-02,2.000000000000000164e-05,5.565762531421827308e-01,2.328769509002412796e+10,2.100505730546012046e-04,2.100505730546012046e-04
-1.856536906703959433e-01,-6.701364430647303028e-01,4.113112656107151266e-01,7.119142268197255208e-02,2.000000000000000164e-05,6.258504777052921186e-01,2.310955753954812241e+10,1.269717841759416849e-04,1.269717841759416849e-04
9.888688176110765893e-02,8.766920813302162552e-01,1.383946333481225754e-01,1.021708074698001040e-01,2.000000000000000164e-05,2.117213772842070629e-01,1.366022519073561668e+10,1.551568343779822362e-02,1.551568343779822362e-02
-6.042723840804543611e-01,5.976004347540407879e-01,2.085164781047476878e-01,9.450127427658325252e-02,2.000000000000000164e-05,2.675687807072950619e-01,2.098091706226222229e+10,8.050127206314084544e-03,8.050127206314084544e-03
-3.116648315612242093e-01,-6.414436619398985462e-01,5.047632926100917850e-01,9.398635769783890426e-02,2.000000000000000164e-05,2.719905187685347503e-01,1.383628785115331078e+10,8.467763429581259826e-02,8.467763429581259826e-02
-8.025967559985255351e-01,1.227516575611454358e-01,2.237279572253171589e-01,8.377171363202633170e-02,2.000000000000000164e-05,3.841124681395440277e-01,2.346186572716020203e+10,9.357411878107976463e-04,9.357411878107976463e-04
2.596124439682289120e-01,8.427957818605918971e-01,-1.905293295700991735e-02,9.842891435539587175e-02,2.000000000000000164e-05,2.367982140540932645e-01,1.420037882321101761e+10,1.020279056061583321e-04,1.020279056061583321e-04
-4.333347318917389335e-01,6.435367093731099164e-01,2.993774201538821900e-01,7.818139249980306238e-02,2.000000000000000164e-05,4.725433605193006259e-01,1.690714599436400414e+10,1.223137391000180918e-04,1.223137391000180918e-04
-2.364945276781861561e-02,-2.442538700810807095e-01,8.650195899996543369e-01,1.007118143887703043e-01,2.000000000000000164e-05,2.210570705598781382e-01,1.519766065050805283e+10,3.914139369865042295e-01,3.914139369865042295e-01
-1.597751033664113751e-01,-9.672116077516546007e-02,7.397727269092001512e-01,6.526726940733051929e-02,2.000000000000000164e-05,8.122089921342864338e-01,2.906912137535683060e+10,1.393755938124635694e-04,1.393755938124635694e-04
-2.823590068801387978e-02,-5.095653820952917856e-01,6.428973946879187329e-01,7.582928891690381146e-02,2.000000000000000164e-05,5.178946705593512334e-01,2.042424676856418610e+10,8.863146931254893210e-03,8.863146931254893210e-03
4.585647386947213633e-01,2.421670639163487904e-01,6.121406915543035065e-01,7.455230042445488980e-02,2.000000000000000164e-05,5.449672274484291812e-01,3.055525340241805267e+10,1.981790981400401684e-03,1.981790981400401684e-03
-1.873439204238182276e-01,5.590986955575126885e-04,8.641894734448448689e-01,9.624346818151494065e-02,2.000000000000000164e-05,2.532990517763668015e-01,1.613935368310070801e+10,2.463912027449380593e-01,2.463912027449380593e-01
3.320216527674154511e-02,2.176486401533692626e-03,8.423267973641792583e-01,8.149298453171519019e-02,2.000000000000000164e-05,4.172443479426703461e-01,2.133982633403952026e+10,1.416536361268542349e-02,1.416536361268542349e-02
-7.041541158095632191e-01,4.394790076305408744e-01,2.541736738392061379e-01,9.145784159109650313e-02,2.000000000000000164e-05,2.951791949725971476e-01,1.370172909305926514e+10,5.483164882846862029e-03,5.483164882846862029e-03
-5.854438114004782978e-01,-5.166338704616239008e-01,3.945398730565877754e-01,9.380682271290678720e-02,2.000000000000000164e-05,2.735555611923565777e-01,1.276351111186129761e+10,1.337538891946398086e-02,1.337538891946398086e-02
-6.438467443904705156e-02,-1.829941705398645257e-01,7.730768099325486808e-01,7.262208769220954152e-02,2.000000000000000164e-05,5.895854954163883832e-01,3.569121680876615143e+10,5.268625099469597794e-04,5.268625099469597794e-04
1.944810227255197310e-01,-1.142879569029042058e-01,8.520362252060059705e-01,9.514279804417456743e-02,2.000000000000000164e-05,2.621923392574935785e-01,1.580368297331810570e+10,2.262434076188341858e-01,2.262434076188341858e-01
-7.090608325555582958e-01,3.463062305420697706e-01,2.880050082287009539e-01,8.138089568847958755e-02,2.000000000000000164e-05,4.189708099929959628e-01,1.379556308146386909e+10,7.783178221429033934e-04,7.783178221429033934e-04
-1.123055783081570308e-02,3.674500795067464076e-01,7.765726263676931973e-01,8.949649415561655719e-02,2.000000000000000164e-05,3.150148780062449472e-01,2.213904966271273804e+10,4.724031724011559796e-02,4.724031724011559796e-02
4.223731925254191055e-01,-4.091613593460132203e-01,6.172693525072446841e-01,8.706432220234758268e-02,2.000000000000000164e-05,3.421599014400430461e-01,1.525446958760800934e+10,8.570305342737243037e-02,8.570305342737243037e-02
3.346004463453725597e-01,-1.378685458647153916e-01,7.602120523286709508e-01,8.269966020084297542e-02,2.000000000000000164e-05,3.992451792814065703e-01,2.092702759343460464e+10,3.944225668243501320e-02,3.944225668243501320e-02
7.793205343551465880e-01,3.694887370404822402e-01,4.918217922609396248e-02,9.046228031486490406e-02,2.000000000000000164e-05,3.050326132675131863e-01,1.436200315832397461e+10,1.989695092227251536e-03,1.989695092227251536e-03
-7.568449121736061658e-01,1.506708421442989609e-01,2.396132037339158694e-01,7.397527647193506695e-02,2.000000000000000164e-05,5.578186275742744726e-01,2.891487227965070724e+10,1.856238770716975447e-04,1.856238770716975447e-04
7.791032135961388772e-01,-4.527911545301721574e-02,3.092920918069566039e-01,8.170111846971493674e-02,2.000000000000000164e-05,4.140641359443626435e-01,1.249191393237973404e+10,3.746358158070197102e-03,3.746358158070197102e-03
3.273789627493535748e-01,5.821249617636954365e-01,5.915744699154485975e-01,1.025514865785544932e-01,2.000000000000000164e-05,2.093722600953002444e-01,1.477845395245927429e+10,4.544109845580905915e-01,4.544109845580905915e-01
5.827152835333234693e-01,2.342680402325531819e-01,6.316451148288900752e-01,1.013810963384605274e-01,2.000000000000000164e-05,2.167077780477482118e-01,1.548089405204843521e+10,4.103061540545709374e-01,4.103061540545709374e-01
4.051736833980510433e-01,-5.381337458771109361e-01,5.391173347101843039e-01,9.067010557865755327e-02,2.000000000000000164e-05,3.029404246430716929e-01,1.668561743313540649e+10,9.976810969823311781e-02,9.976810969823311781e-02
-3.116393636738846729e-01,3.286522621817631329e-01,6.734452460567568188e-01,7.660177829323611132e-02,2.000000000000000164e-05,5.023838433648417645e-01,2.951781641352293777e+10,1.259698983498521623e-03,1.259698983498521623e-03
1.208609441909822418e-01,2.173369532577721919e-01,8.242048914344668464e-01,8.900626315629539542e-02,2.000000000000000164e-05,3.202488393903116792e-01,1.780901018715211105e+10,4.715835399850449444e-02,4.715835399850449444e-02
-3.648463328337110401e-01,4.552659096771007330e-01,5.731167384254208796e-01,7.604871558963971490e-02,2.000000000000000164e-05,5.134245996531842104e-01,1.663649156389048576e+10,5.187100556335839420e-03,5.187100556335839420e-03
7.549486966114589137e-01,-3.667599803802154002e-01,1.401689420357722371e-01,8.545423571720357769e-02,2.000000000000000164e-05,3.618673565603572340e-01,1.595888052602879333e+10,3.446013750803309872e-04,3.446013750803309872e-04
5.073782329010250169e-01,4.603780181405042748e-01,4.648802082627647714e-01,7.900178873154428683e-02,2.000000000000000164e-05,4.579741015603108756e-01,2.547478069928865433e+10,3.259669273253569272e-03,3.259669273253569272e-03
-8.326277556172824168e-01,1.485261218446485565e-01,1.136677810456611787e-01,8.619322709506131719e-02,2.000000000000000164e-05,3.526391953722134986e-01,1.594376145097883797e+10,1.090079165020336164e-04,1.090079165020336164e-04
-6.910746545591823775e-01,1.966229115191913124e-01,4.504182345744095484e-01,8.504928972646069729e-02,2.000000000000000164e-05,3.670609781419351125e-01,1.484470549563269043e+10,1.017478975050589568e-01,1.017478975050589568e-01
1.572913464579753784e-01,2.597752369480637591e-01,7.634890395981509537e-01,7.735460475453406759e-02,2.000000000000000164e-05,4.878581404048190073e-01,2.288928417273606873e+10,1.109202931022613796e-02,1.109202931022613796e-02
-6.920516518559887142e-01,5.425197053265935487e-01,1.319987476152696126e-01,9.945904771132745015e-02,2.000000000000000164e-05,2.295161397714031437e-01,1.452446029826601028e+10,9.268094493320614552e-03,9.268094493320614552e-03
1.800960574937355285e-01,-8.070084964068141575e-01,2.300658971040328016e-01,8.624371987366778736e-02,2.000000000000000164e-05,3.520201719606002588e-01,1.431666906675277901e+10,2.459585745231167818e-03,2.459585745231167818e-03
3.290338739654891098e-01,3.273630303103474137e-01,6.784331092291383536e-01,7.820120992508479418e-02,2.000000000000000164e-05,4.721841972161867629e-01,2.311639742830866623e+10,4.250038400906915557e-03,4.250038400906915557e-03
-3.670076442333849998e-02,-8.121476530274250871e-01,2.667983430124868938e-01,8.477113926521297194e-02,2.000000000000000164e-05,3.706890063259922763e-01,1.198098357499003220e+10,8.712672689148570973e-03,8.712672689148570973e-03
-2.552642427134607095e-01,1.250587872998376870e-01,7.251458557956249606e-01,6.832011477312192882e-02,2.000000000000000164e-05,7.081216912003528430e-01,3.053814421618522263e+10,1.621117771108915697e-03,1.621117771108915697e-03
-1.988157124610458459e-01,-1.974793666786486823e-01,8.037896497671890295e-01,8.339967402534692598e-02,2.000000000000000164e-05,3.892760021582131746e-01,1.883754405906077576e+10,2.833577778866583352e-02,2.833577778866583352e-02
-2.526465283872229017e-01,5.529472694004774480e-01,6.435258782893386043e-01,1.002596966623163638e-01,2.000000000000000164e-05,2.240612171848458678e-01,1.388171466221049309e+10,2.247942591186922467e-01,2.247942591186922467e-01
1.456523456337936728e-01,-4.509413373511582113e-01,6.321671278624951817e-01,7.053647957449718509e-02,2.000000000000000164e-05,6.434471625178384002e-01,2.700097709322667313e+10,1.009186756702829760e-03,1.009186756702829760e-03
5.359738205673776346e-01,-6.709710703602215220e-01,2.501393900910924839e-01,1.027575548297760960e-01,2.000000000000000164e-05,2.081151353545902249e-01,1.460804891349275589e+10,2.063307610147133153e-01,2.063307610147133153e-01
-6.666784549652090552e-01,2.085378195368297882e-01,5.062963799770917595e-01,9.160777252048908637e-02,2.000000000000000164e-05,2.937322112536818186e-01,1.111805947948613930e+10,2.056842474764378481e-01,2.056842474764378481e-01
1.578665098339075423e-01,-1.773616947781856135e-01,7.823794701171313815e-01,7.618557876037954091e-02,2.000000000000000164e-05,5.106625230500060342e-01,2.383914626941323471e+10,2.164777284840079148e-03,2.164777284840079148e-03
-5.705520642369228401e-01,-4.014165320288322625e-01,5.534746960829304285e-01,1.004549915011770655e-01,2.000000000000000164e-05,2.227569205367072869e-01,1.950547163825226212e+10,6.600789851330161884e-02,6.600789851330161884e-02
5.811600962080470945e-01,-2.587572718327987853e-01,5.581405995857383617e-01,8.419301436981031783e-02,2.000000000000000164e-05,3.783749032209572372e-01,1.583271679805076790e+10,9.316258090972713568e-02,9.316258090972713568e-02
-3.406318076534463057e-01,-8.242625540225152481e-01,8.071878165896752277e-03,1.017514359658172329e-01,2.000000000000000164e-05,2.143500899217529454e-01,1.376521279807750130e+10,1.190780784553235969e-03,1.190780784553235969e-03
8.213813771103140038e-02,1.157709643492046553e-01,7.287914974782104816e-01,6.228711045258884804e-02,2.000000000000000164e-05,9.344590575322980763e-01,3.698653415419519043e+10,2.652126096452889713e-04,2.652126096452889713e-04
3.305622565834311355e-01,-4.151625266838578354e-01,6.136594168029396723e-01,7.301766052870943546e-02,2.000000000000000164e-05,5.800550894965662563e-01,1.747351685653979111e+10,8.748426635232505605e-03,8.748426635232505605e-03
7.176112119002281409e-01,3.059517218013871331e-01,2.985835350285826473e-01,7.873417776224077291e-02,2.000000000000000164e-05,4.626599079101372247e-01,1.383495923250487900e+10,3.322130145137045572e-03,3.322130145137045572e-03
-5.364081364830606269e-01,3.917323796113945239e-02,6.285860701230623349e-01,7.712220349840846756e-02,2.000000000000000164e-05,4.922818276143454130e-01,1.828285384889751434e+10,2.175858023231403565e-02,2.175858023231403565e-02
1.867918426011264468e-02,5.890000006793214560e-01,5.139636760858056208e-01,6.815050692054733239e-02,2.000000000000000164e-05,7.134218625590355023e-01,2.383040933494233322e+10,1.293520681299111137e-04,1.293520681299111137e-04
3.154037689452259263e-01,-5.718984412722339927e-01,5.548796945196756703e-01,8.803380556221533648e-02,2.000000000000000164e-05,3.309810762021306307e-01,1.715493560040573883e+10,6.237772547239296694e-02,6.237772547239296694e-02
2.148688706250101721e-01,-7.996472767397416748e-01,2.927480765547050279e-01,9.427522425657265670e-02,2.000000000000000164e-05,2.694980447545252678e-01,1.336152026618553925e+10,4.686924483975388883e-02,4.686924483975388883e-02
1.331912825410735690e-01,6.868585173063751492e-01,5.174951464339120344e-01,9.165084309770651916e-02,2.000000000000000164e-05,2.933182861317222834e-01,1.533771308583404160e+10,2.163168878206001011e-01,2.163168878206001011e-01
-1.237024119587746690e-01,6.802912212319447427e-01,4.206341664180900386e-01,7.502649552821184786e-02,2.000000000000000164e-05,5.346980357573254405e-01,2.214351299630858612e+10,1.505920126877739382e-04,1.505920126877739382e-04
-6.346229635456989149e-01,6.195407910743724322e-01,6.802166811400550683e-02,9.982928574313364167e-02,2.000000000000000164e-05,2.269719146219595085e-01,1.546023858319559288e+10,5.750862398826333318e-04,5.750862398826333318e-04
-2.817159933115553905e-01,-2.464872566001009568e-01,7.271319427703970550e-01,7.565899150035519660e-02,2.000000000000000164e-05,5.213996747153386568e-01,2.140783431007973862e+10,5.709170753508597922e-03,5.709170753508597922e-03
4.605153681173069780e-01,4.526135802079853665e-01,5.571921241071512432e-01,8.613287098315677848e-02,2.000000000000000164e-05,3.533810437520245595e-01,1.930870090079291534e+10,2.389125316644919589e-02,2.389125316644919589e-02
-5.070097464400610265e-01,-6.261770533016263185e-01,2.263714954667302992e-01,8.143575419265880466e-02,2.000000000000000164e-05,4.181246619103857198e-01,1.996166048597311020e+10,7.178687080808345044e-04,7.178687080808345044e-04
-2.481474764867367955e-01,-8.492419924427244693e-01,1.585323046010238615e-02,9.814812623099687661e-02,2.000000000000000164e-05,2.388364260829860530e-01,1.430305651718875885e+10,1.686817401836429933e-02,1.686817401836429933e-02
4.031745048712179202e-01,6.920548359283903439e-01,3.878303716192791351e-01,9.970736381284291128e-02,2.000000000000000164e-05,2.278055740904747772e-01,1.341113976411846161e+10,5.921605235003059298e-02,5.921605235003059298e-02
-9.310918726016438607e-02,-8.335485597111668143e-01,2.060401008879144402e-01,8.809134807024056324e-02,2.000000000000000164e-05,3.303313137174676006e-01,1.557619721367844582e+10,1.844370654684725566e-02,1.844370654684725566e-02
-7.763187805441641443e-01,5.228614270787771551e-02,3.019652602973488809e-01,8.220498603194284493e-02,2.000000000000000164e-05,4.064963807109925331e-01,2.700882981640702057e+10,3.190570912653508859e-04,3.190570912653508859e-04
2.164011395905654223e-01,6.952284008535862814e-01,4.772585990990816929e-01,9.087598092919232928e-02,2.000000000000000164e-05,3.008856092817344674e-01,1.220378035360510063e+10,1.100536049200010608e-01,1.100536049200010608e-01
1.591524921413093596e-01,1.481600455469757882e-01,7.640032368259211948e-01,7.064882897173418996e-02,2.000000000000000164e-05,6.403816939126097951e-01,2.778683006452201462e+10,1.053817840375780544e-03,1.053817840375780544e-03
5.411332872041485498e-01,-5.642411686270050186e-01,3.816105265796228552e-01,9.315856496317892477e-02,2.000000000000000164e-05,2.793066128103578460e-01,1.496737269406879234e+10,4.028181667121940451e-02,4.028181667121940451e-02
2.002877679308320003e-01,2.418355735791875849e-01,8.408673915465266768e-01,1.054286986534358900e-01,2.000000000000000164e-05,1.926936592410096738e-01,1.455847991579737282e+10,1.000000000000000000e+00,1.000000000000000000e+00
-3.814839204193764544e-01,1.683197053916326291e-01,6.441513841383975647e-01,6.642489359595681042e-02,2.000000000000000164e-05,7.704799663619587013e-01,4.189345973391156006e+10,1.012328515324067030e-04,1.012328515324067030e-04
4.061811315877573159e-01,2.364503836674604065e-01,6.186062732429116195e-01,6.860822902331518980e-02,2.000000000000000164e-05,6.992379420545443702e-01,3.070260071016632080e+10,1.709230225433487692e-04,1.709230225433487692e-04
7.886089907648283770e-01,-1.636885721799344329e-01,3.539623818033401648e-01,9.918529283131492791e-02,2.000000000000000164e-05,2.314218714600677906e-01,1.402642052851862144e+10,2.623691260819108542e-02,2.623691260819108542e-02
-1.333987475925313415e-01,-3.011766662562629926e-01,7.384123639293692642e-01,7.365554032810776863e-02,2.000000000000000164e-05,5.651148688077081150e-01,2.808346100252355957e+10,3.321106514394748903e-03,3.321106514394748903e-03
-1.956539245245548786e-01,-6.626829254409188907e-01,4.401238492167291461e-01,7.387725802863251423e-02,2.000000000000000164e-05,5.600419603274213731e-01,1.114196058394556808e+10,1.003840000711811670e-03,1.003840000711811670e-03
-4.916844722959679004e-01,-2.617828939905923746e-02,7.362403860204947970e-01,9.858200354366440654e-02,2.000000000000000164e-05,2.356967272687193193e-01,1.213111392220467567e+10,2.325780864671172510e-01,2.325780864671172510e-01
-4.161187909525908557e-01,2.393648964056800388e-01,5.951469286486967825e-01,6.709156372890731634e-02,2.000000000000000164e-05,7.477391312021735015e-01,3.486929285106766510e+10,1.746603488382513468e-04,1.746603488382513468e-04
5.808283838625888373e-01,-4.859959626607680550e-01,3.278595861445200432e-01,7.697642229729695362e-02,2.000000000000000164e-05,4.950845993037722992e-01,1.452627510464990044e+10,1.815094793245505041e-03,1.815094793245505041e-03
-5.841482836891367381e-01,-1.203685205246060597e-01,5.021972238031963132e-01,6.599001787184193002e-02,2.000000000000000164e-05,7.858131281832964055e-01,2.415135690536456299e+10,1.364695600610271340e-04,1.364695600610271340e-04
3.700160001971722346e-01,5.040553805301013490e-01,5.564864695095289582e-01,8.128441080083975701e-02,2.000000000000000164e-05,4.204645617284158421e-01,1.976445963062912369e+10,2.021221916631178034e-02,2.021221916631178034e-02
-4.163957978248284397e-01,-7.656937079927447209e-01,4.560628804229788225e-02,9.293552304435973022e-02,2.000000000000000164e-05,2.813219281165164620e-01,1.270639029677249718e+10,1.912643193903587526e-03,1.912643193903587526e-03
-2.977372520717714854e-01,1.164899806099082974e-01,7.143174572351747020e-01,6.860541458916674662e-02,2.000000000000000164e-05,6.993240056646288227e-01,2.746817146890628052e+10,2.284232458746234819e-04,2.284232458746234819e-04
-1.982961958597969920e-01,6.519727478353085637e-01,4.199237323386906806e-01,7.258606188542227056e-02,2.000000000000000164e-05,5.904642492933729336e-01,2.278387512516654587e+10,1.551145458484346818e-04,1.551145458484346818e-04
-9.189198655059670207e-02,-4.872626551791072735e-01,6.658246929609303866e-01,7.739441137960811901e-02,2.000000000000000164e-05,4.871057192973070604e-01,2.039725334957672882e+10,3.887428241990562722e-02,3.887428241990562722e-02
6.570596523163905189e-01,6.051798541667804399e-01,8.436941644373648075e-02,1.061277017163455572e-01,2.000000000000000164e-05,1.889110737577810728e-01,1.520060516117689514e+10,1.444652026713840820e-03,1.444652026713840820e-03
-4.347353059235759543e-01,4.387960771448564112e-01,5.323679388374237265e-01,7.583682400496032094e-02,2.000000000000000164e-05,5.177403066815230437e-01,2.045423382857586670e+10,9.107113728218886248e-04,9.107113728218886248e-04
-6.755101587897062165e-01,-4.118837683364054425e-01,3.608742267435465778e-01,9.270010354346597259e-02,2.000000000000000164e-05,2.834703045074857264e-01,1.684358992259053421e+10,4.148264779193683305e-02,4.148264779193683305e-02
5.334504028067974524e-01,1.383227676985774313e-01,7.148345810500807973e-01,1.075585228256722842e-01,2.000000000000000164e-05,1.814717021488984339e-01,1.408899822173131561e+10,1.000000000000000000e+00,1.000000000000000000e+00
-6.370587944437379191e-01,-6.864450310160297164e-02,4.842810948356918721e-01,7.070050076405640094e-02,2.000000000000000164e-05,6.389787617667683772e-01,1.050343170860331726e+10,1.041688964718900500e-03,1.041688964718900500e-03
-2.429815042357758026e-02,4.933753818366737320e-01,6.726194053153509156e-01,8.201651134811399624e-02,2.000000000000000164e-05,4.093050825838078222e-01,2.431537721588270187e+10,4.654889694539450853e-03,4.654889694539450853e-03
-2.964594492644114232e-01,4.978184972158569144e-01,6.515217573767262405e-01,9.517745364013394105e-02,2.000000000000000164e-05,2.619061318162986263e-01,1.360475648705953026e+10,5.211738177553011386e-01,5.211738177553011386e-01
-5.001612343538132111e-01,3.071226746477522251e-01,5.565541285309881792e-01,7.553257932012244491e-02,2.000000000000000164e-05,5.240262582072994224e-01,2.364451633707905197e+10,1.545570307009548226e-03,1.545570307009548226e-03
-3.280363380480112445e-01,4.823886668671238387e-01,5.187879055794697436e-01,6.907428569164503207e-02,2.000000000000000164e-05,6.851794503094662536e-01,3.561162756177585602e+10,4.056947905733049092e-04,4.056947905733049092e-04
-7.437652871735472848e-02,-2.490211664586362839e-01,7.633360454305060383e-01,7.408414149628422818e-02,2.000000000000000164e-05,5.553631914519040480e-01,2.757538959798076630e+10,7.438944895180906250e-03,7.438944895180906250e-03
-5.784914773270184440e-01,-1.059073579018864203e-01,6.115984724442671272e-01,8.434900563710716337e-02,2.000000000000000164e-05,3.762795030200427604e-01,1.592307867447779274e+10,1.963020532933504037e-01,1.963020532933504037e-01
4.709676151869765341e-03,4.282030813175211059e-02,8.393534708314378534e-01,8.124440099499442847e-02,2.000000000000000164e-05,4.210860607213036677e-01,2.248763142590438080e+10,1.041816991746079973e-02,1.041816991746079973e-02
2.453115708882953709e-03,-3.690528899947068120e-01,6.796188449470925708e-01,6.605775875981113876e-02,2.000000000000000164e-05,7.833980818914734190e-01,3.348359754067928696e+10,3.102901296345984242e-04,3.102901296345984242e-04
1.240081167800615863e-01,-6.445948721246285151e-01,5.310904843795247743e-01,8.186728006649322820e-02,2.000000000000000164e-05,4.115474961308296376e-01,1.456414685615131378e+10,9.296736788075758706e-02,9.296736788075758706e-02
1.845645808222320383e-01,6.014249905645169259e-01,4.899778376594789431e-01,7.109220235829474821e-02,2.000000000000000164e-05,6.284739989962614404e-01,2.707905384728749084e+10,4.469726527230162235e-04,4.469726527230162235e-04
2.294266253223041785e-01,-2.189203123014188679e-01,7.004117835413110615e-01,6.617730298440747949e-02,2.000000000000000164e-05,7.791602686590063387e-01,3.182363942893778610e+10,6.810080151944047444e-04,6.810080151944047444e-04
8.084686715588030870e-01,2.958316146473918273e-01,1.279936342713680619e-01,9.250586529489704390e-02,2.000000000000000164e-05,2.852605889429737362e-01,1.508085227299799919e+10,8.383249147045147495e-03,8.383249147045147495e-03
-1.662554108122266672e-01,8.318169441521973129e-01,1.499775262315022339e-01,8.822533490942070789e-02,2.000000000000000164e-05,3.288285596946350364e-01,1.225086483209604263e+10,8.044850245937833558e-04,8.044850245937833558e-04
3.615490719456773000e-02,6.691944522519313043e-01,4.160297309750758954e-01,7.090946898230894579e-02,2.000000000000000164e-05,6.333459497594489118e-01,2.692887697591897964e+10,1.902230194872683508e-04,1.902230194872683508e-04
-6.279538814366778521e-01,-3.833259407750972958e-01,3.787290997837698403e-01,7.863391673801647941e-02,2.000000000000000164e-05,4.644319127730359154e-01,1.962138589312738800e+10,4.558364911411691206e-04,4.558364911411691206e-04
1.878996790813661222e-01,-7.410910620051314179e-01,3.296022929605618157e-01,7.909482787120275527e-02,2.000000000000000164e-05,4.563598234523693620e-01,2.045188757343115234e+10,2.044924485567220594e-03,2.044924485567220594e-03
-7.783090449310634540e-01,2.393350087564877771e-01,1.704631363096970331e-01,7.933573503400384586e-02,2.000000000000000164e-05,4.522151072783847092e-01,2.517012152833167648e+10,1.137878636905596640e-04,1.137878636905596640e-04
-3.946780469997405727e-01,-5.688921413521030868e-01,5.110698530160819875e-01,8.842881017230144747e-02,2.000000000000000164e-05,3.265638278762045821e-01,1.373369911260079002e+10,4.398180832304238869e-02,4.398180832304238869e-02
-6.455896601539806712e-01,4.155393874084972045e-02,5.401707028503062169e-01,8.258402875692469336e-02,2.000000000000000164e-05,4.009245827432263987e-01,1.246256812563582611e+10,1.043356488944580246e-01,1.043356488944580246e-01
-2.992293872307697292e-02,-7.444720536437021696e-01,4.053214282443101668e-01,8.355935820117693646e-02,2.000000000000000164e-05,3.870484813827836934e-01,1.029583023399024200e+10,1.010241312828922128e-01,1.010241312828922128e-01
-3.162191929991796657e-01,4.374832230680618661e-01,5.698857835564565821e-01,6.857577416626207956e-02,2.000000000000000164e-05,7.002330749144064503e-01,2.039931112549725723e+10,2.888727218628760283e-04,2.888727218628760283e-04
4.121948374345326682e-01,-6.172920385882436634e-01,3.941884435755519389e-01,8.195585411433772838e-02,2.000000000000000164e-05,4.102145743918100829e-01,1.695625502557529449e+10,9.165365717884886923e-03,9.165365717884886923e-03
1.633765935485262111e-01,-8.865230722251224993e-01,7.785960601801085457e-02,1.077053407580538247e-01,2.000000000000000164e-05,1.807304641817528423e-01,1.650577049177463150e+10,6.085582750822519579e-03,6.085582750822519579e-03
5.091845814709904383e-01,4.289310792168330999e-01,5.886253015138664946e-01,9.933093057931222103e-02,2.000000000000000164e-05,2.304054127710538635e-01,1.693535029855500793e+10,5.001081427341659280e-01,5.001081427341659280e-01
-3.566979577644743271e-01,-2.211289376379152183e-01,6.709128655696647847e-01,7.075521359598871407e-02,2.000000000000000164e-05,6.374966781396822491e-01,2.938684418639694214e+10,3.690484483340395871e-03,3.690484483340395871e-03
-9.584880861472981628e-02,1.224249734112464599e-01,7.748563910524886023e-01,7.094196587647755292e-02,2.000000000000000164e-05,6.324760305206071909e-01,2.833976801382361603e+10,8.922837141803422606e-04,8.922837141803422606e-04
-5.774801037797177017e-01,5.295430185470615392e-01,2.941172544455634696e-01,8.238627399160082521e-02,2.000000000000000164e-05,4.038186229484268530e-01,2.292877749894496918e+10,2.986324724344289680e-03,2.986324724344289680e-03
-5.439322432812122576e-01,1.469369823047753654e-01,5.220228975347765976e-01,6.402126222754302154e-02,2.000000000000000164e-05,8.605608915453164531e-01,2.250738436623247528e+10,1.954465631835917473e-04,1.954465631835917473e-04
9.608915071271600938e-02,-3.891168836826459643e-01,7.424122148681053801e-01,8.275660204999027436e-02,2.000000000000000164e-05,3.984216151109106208e-01,1.784573549277538300e+10,1.059318881811038976e-01,1.059318881811038976e-01
-8.483256672442525126e-01,7.764990608843296005e-02,8.882250053845963667e-02,8.775671715528847450e-02,2.000000000000000164e-05,3.341246343835465593e-01,2.106041805765869522e+10,1.248404551439778764e-04,1.248404551439778764e-04
-4.664464741979492679e-01,-1.518482931830620886e-01,6.281586390047921853e-01,7.120881099293879801e-02,2.000000000000000164e-05,6.253925440651205703e-01,2.363616256871657181e+10,4.321825921099880239e-04,4.321825921099880239e-04
7.067598891251303250e-01,-4.640963330137148346e-01,2.286475071971432460e-01,9.539516885691300130e-02,2.000000000000000164e-05,2.601169035797865070e-01,1.437749108030628395e+10,9.122382019222087524e-02,9.122382019222087524e-02
-4.124110422391596420e-01,2.320651840299260416e-01,6.867736289807944150e-01,8.179337866538703705e-02,2.000000000000000164e-05,4.126640357920058344e-01,2.651297950584588242e+10,2.142041134858119200e-02,2.142041134858119200e-02
-1.684300575705980907e-01,-1.577608531916738221e-01,7.480454251581840630e-01,6.851678900259000615e-02,2.000000000000000164e-05,7.020412380720741918e-01,2.595836547137859344e+10,4.895667142263884081e-04,4.895667142263884081e-04
5.674189078468284686e-01,-4.322411669399171472e-03,5.506671134104843546e-01,6.861248947408593590e-02,2.000000000000000164e-05,6.991076968753777710e-01,2.358384797894224167e+10,9.112802941772793139e-04,9.112802941772793139e-04
-4.245884114696626410e-01,1.744598394554709719e-01,6.435402538547511098e-01,7.045346041692558681e-02,2.000000000000000164e-05,6.457231107928488312e-01,2.141975443009005356e+10,3.195723255317890884e-04,3.195723255317890884e-04
-1.653210200184953571e-01,7.491392844378299554e-01,3.666210914558419853e-01,8.545545912528317023e-02,2.000000000000000164e-05,3.618518140774509284e-01,1.947810818365407944e+10,1.251165865706101686e-03,1.251165865706101686e-03
3.368662712499432277e-01,-8.771087902817634174e-02,8.209883556097532509e-01,1.005623796454166718e-01,2.000000000000000164e-05,2.220440372604195745e-01,1.493764798335819626e+10,1.000000000000000000e+00,1.000000000000000000e+00
-6.706809078978378524e-01,-3.163035370105278243e-01,3.682328445319105192e-01,7.879422192277045489e-02,2.000000000000000164e-05,4.616029857119941515e-01,2.115426760462174606e+10,3.514634910051667258e-03,3.514634910051667258e-03
-5.263468702225406609e-02,7.654371140576295973e-01,3.181118469854621322e-01,8.012545181317921872e-02,2.000000000000000164e-05,4.389751874560154365e-01,2.431719518745015717e+10,2.269028354987571647e-04,2.269028354987571647e-04
7.636052098372744790e-02,-5.288664773549018872e-01,5.301367148255015094e-01,6.310740021986196990e-02,2.000000000000000164e-05,8.984906434378573392e-01,3.855062765526161957e+10,1.261006231883159221e-04,1.261006231883159221e-04
-3.273838387676753503e-01,-7.936593051757556694e-01,1.069430974378000332e-01,8.941520567088796778e-02,2.000000000000000164e-05,3.158748278381686703e-01,1.509809206061063385e+10,9.437015127912893805e-04,9.437015127912893805e-04
-4.564808963369418326e-01,5.865375827402109082e-02,6.870760838186655839e-01,7.765112822675326876e-02,2.000000000000000164e-05,4.822911094799072207e-01,1.215403123418095589e+10,1.288156786892544203e-02,1.288156786892544203e-02
8.274862241062838630e-02,-2.840700818913240999e-01,7.128638910574354171e-01,6.671575757251206606e-02,2.000000000000000164e-05,7.604464621405899738e-01,2.734243925089791489e+10,1.139659019777408260e-04,1.139659019777408260e-04
-1.055712586728750485e-01,-6.702486265839422419e-01,5.228388169699804688e-01,8.665525686140304606e-02,2.000000000000000164e-05,3.470285015772785475e-01,1.200155312293802071e+10,5.009528273767069328e-02,5.009528273767069328e-02
2.283820175763345839e-01,-2.284236542773199208e-01,8.037728925931852952e-01,8.999554990072718141e-02,2.000000000000000164e-05,3.098031953216967560e-01,1.391146985184609032e+10,4.290957598599172695e-01,4.290957598599172695e-01
8.382435014045761523e-01,-9.248635017221883137e-02,2.777973308964162280e-01,1.026010700293656791e-01,2.000000000000000164e-05,2.090688655778440153e-01,1.340704051402659035e+10,6.721173036274730173e-02,6.721173036274730173e-02
6.277390988875131139e-01,8.133368528982645729e-02,5.069621597367324206e-01,7.382548811805016153e-02,2.000000000000000164e-05,5.612209683606055322e-01,2.968794944517568207e+10,9.007521524583615800e-04,9.007521524583615800e-04
-4.807932257650998076e-01,-9.344972388075856173e-02,7.244514850728283051e-01,9.363389627765399126e-02,2.000000000000000164e-05,2.750738883186300554e-01,1.651538643230538750e+10,1.167038531944503965e-01,1.167038531944503965e-01
6.683723967689312317e-01,5.292214724060584352e-01,1.193007999618640458e-01,9.056250498096364565e-02,2.000000000000000164e-05,3.040209838225746974e-01,1.843338923958024216e+10,2.061124843639744605e-04,2.061124843639744605e-04
1.130839397234144755e-01,-8.580172932630106830e-01,2.285082892230849705e-02,9.060223717640621122e-02,2.000000000000000164e-05,3.036211805125580421e-01,1.114567451726534843e+10,1.632498583417499663e-04,1.632498583417499663e-04
-4.569148955729897543e-01,1.505133889565392347e-01,7.246558504333058259e-01,9.314545242215145626e-02,2.000000000000000164e-05,2.794236316947142362e-01,1.302508683643463707e+10,1.000000000000000000e+00,1.000000000000000000e+00
9.944228232713979432e-03,-4.887054915409192457e-01,6.228149147013416487e-01,6.951814801103502195e-02,2.000000000000000164e-05,6.721386737082604146e-01,2.341253275426075745e+10,4.534437565423148401e-04,4.534437565423148401e-04
-1.905366628507076943e-01,5.034251924983010884e-01,5.505081732043531906e-01,6.684168214204150305e-02,2.000000000000000164e-05,7.561566535392567623e-01,3.306821598386409760e+10,1.539430440494570071e-04,1.539430440494570071e-04
-1.029806440565611964e-01,4.156683853555395713e-01,8.019016528133795507e-01,1.088918185388205451e-01,2.000000000000000164e-05,1.748867287309875396e-01,1.301107918210283089e+10,1.000000000000000000e+00,1.000000000000000000e+00
-4.070044394283810485e-01,-2.992968728262670585e-03,6.875777364283091053e-01,7.293332612402123050e-02,2.000000000000000164e-05,5.820698206867833679e-01,2.770423681143532944e+10,2.793037244278626791e-03,2.793037244278626791e-03
-5.727071310409262775e-03,-1.990157993748270793e-01,8.160457387800262863e-01,8.154858893259026020e-02,2.000000000000000164e-05,4.163914155106702708e-01,2.203683590792092133e+10,1.828871334495051765e-02,1.828871334495051765e-02
-3.644657125932587172e-01,2.913106529298554737e-01,6.810837110147954787e-01,8.036632785563740944e-02,2.000000000000000164e-05,4.350398329322759383e-01,3.653404286538357544e+10,1.060655642576397578e-02,1.060655642576397578e-02
7.029799515517897168e-01,4.906456251459909157e-01,8.986553451745707410e-02,9.056943802506596530e-02,2.000000000000000164e-05,3.039511698787585869e-01,1.558211154645116806e+10,2.715924884165908876e-04,2.715924884165908876e-04
4.840406040346921512e-02,-3.970477278204238153e-02,7.833543535777027778e-01,6.967426720666454465e-02,2.000000000000000164e-05,6.676305650495433230e-01,2.674860800833256912e+10,7.582009019083176676e-03,7.582009019083176676e-03
5.895270867435123963e-01,-6.356778668857672177e-01,2.249052158108641175e-01,1.031260140535576464e-01,2.000000000000000164e-05,2.058923067856064382e-01,1.470482925194234467e+10,2.520911399062459105e-02,2.520911399062459105e-02
4.260295736211590634e-01,1.820906306933903485e-01,7.705898012480882908e-01,1.064458511152352738e-01,2.000000000000000164e-05,1.872222050678515326e-01,1.428973084561436081e+10,1.000000000000000000e+00,1.000000000000000000e+00
-5.868317311370811057e-02,-8.176632742576543933e-01,1.899682349095030420e-01,8.029379982722548159e-02,2.000000000000000164e-05,4.362197921407314216e-01,1.872691416691934967e+10,7.207221445940068276e-04,7.207221445940068276e-04
1.858422266842299497e-01,-4.973899667140893044e-01,5.511650609549271218e-01,6.571513321225534721e-02,2.000000000000000164e-05,7.957156149814518242e-01,3.434879337048122406e+10,3.112321727121926829e-04,3.112321727121926829e-04
3.952369775241632889e-03,-3.283395042079041704e-02,7.720551048191027776e-01,6.848201453350161172e-02,2.000000000000000164e-05,7.031112597794654251e-01,4.380528826066446686e+10,3.943262994014348159e-04,3.943262994014348159e-04
1.817719545359628430e-01,7.262730512329828025e-01,3.730032159073370934e-01,8.270153277693013949e-02,2.000000000000000164e-05,3.992180584232899454e-01,2.681249536784910583e+10,1.931013161072052267e-03,1.931013161072052267e-03
-6.714312128695728576e-01,-4.862888441750459201e-01,2.937258480236093483e-01,9.603244308746992919e-02,2.000000000000000164e-05,2.549726590502611190e-01,1.741422357813380051e+10,6.593455283755947360e-03,6.593455283755947360e-03
-1.567685443993286631e-01,-8.168594240503546100e-01,1.342601170260010746e-01,8.031955034364895996e-02,2.000000000000000164e-05,4.358003689562440219e-01,1.898557728318471909e+10,2.543907344643961030e-04,2.543907344643961030e-04
-4.420148288533488623e-01,3.049616336290287763e-02,7.390632794977082254e-01,8.908037905879379048e-02,2.000000000000000164e-05,3.194501370029952381e-01,1.866280068626543427e+10,9.946353317703122976e-02,9.946353317703122976e-02
3.298836329068708384e-01,-7.380693488438911931e-01,2.947846364616643067e-01,8.916639899546768833e-02,2.000000000000000164e-05,3.185264797848192941e-01,2.593310576772006226e+10,2.166432636071844754e-03,2.166432636071844754e-03
-2.625757848602216504e-01,5.421423842682492333e-01,5.225394033056284249e-01,7.160449714949694566e-02,2.000000000000000164e-05,6.150815242549358963e-01,2.416048911944501495e+10,2.198149513309275338e-04,2.198149513309275338e-04
-3.223995012915532588e-01,1.789661146666130243e-01,6.591281681511492740e-01,6.281075178194943376e-02,2.000000000000000164e-05,9.112826437064958096e-01,2.054398456367759323e+10,6.314858952318882840e-04,6.314858952318882840e-04
-3.928641598994458417e-01,-6.250264648932909450e-01,4.439482896282823665e-01,8.824360756719258625e-02,2.000000000000000164e-05,3.286243259309853948e-01,1.295799102096304893e+10,1.460791601663934992e-02,1.460791601663934992e-02
3.945499135260598922e-01,8.658483772581207494e-02,6.556317677826093426e-01,6.725666408427712073e-02,2.000000000000000164e-05,7.422459874529184765e-01,3.580380184421880341e+10,1.759682450420643751e-03,1.759682450420643751e-03
-6.818179203072819439e-01,-5.256094607321936119e-01,8.753487132701030793e-02,9.035632052271853898e-02,2.000000000000000164e-05,3.061070176612766813e-01,1.414958806587081146e+10,7.615086758791856682e-04,7.615086758791856682e-04
-2.973069926640191096e-01,1.889647701018521975e-01,7.030492001982292516e-01,6.865922263639942513e-02,2.000000000000000164e-05,6.976826272418452657e-01,2.361469391729125214e+10,1.508341852456353402e-03,1.508341852456353402e-03
5.133482716377383293e-01,1.788000079482036098e-01,6.502805292414377547e-01,8.575428542682259070e-02,2.000000000000000164e-05,3.580821059742685386e-01,2.321161343757595825e+10,2.409970704847443426e-02,2.409970704847443426e-02
3.247536384388398645e-01,5.093516679759112487e-01,5.436084462958027386e-01,7.535088632564755640e-02,2.000000000000000164e-05,5.278219065388208842e-01,3.068354318043185043e+10,1.934618059737262157e-03,1.934618059737262157e-03
7.903352974855801794e-01,-1.536338662032516178e-01,2.811632257572314608e-01,8.699658201091012288e-02,2.000000000000000164e-05,3.429612430577842486e-01,1.531336614483542442e+10,1.326188734644682607e-03,1.326188734644682607e-03
-6.289167508833845011e-01,1.277592763260744224e-01,5.646152268758202197e-01,8.758734329714944200e-02,2.000000000000000164e-05,3.360667799023088209e-01,1.584252685960900116e+10,1.887209611773038587e-01,1.887209611773038587e-01
4.891458027855362656e-01,-3.435957600948656432e-01,6.393645877536816569e-01,9.571315140027412960e-02,2.000000000000000164e-05,2.575330871902866137e-01,1.607520301313818741e+10,2.060469672824283005e-01,2.060469672824283005e-01
-2.762063624382030680e-01,-1.445371275195653504e-01,8.288245771387546812e-01,9.665991966249110057e-02,2.000000000000000164e-05,2.500390790746582770e-01,1.460540380751725578e+10,5.276307553131567296e-01,5.276307553131567296e-01
4.247078412492378274e-01,7.482526592076256255e-01,5.610296347240795178e-02,9.075749282565728770e-02,2.000000000000000164e-05,3.020656320663909211e-01,1.584878663038560867e+10,3.885079715868852853e-04,3.885079715868852853e-04
-4.338381936019410079e-02,-4.548241315321064487e-02,8.063568030488592608e-01,7.508697293593433186e-02,2.000000000000000164e-05,5.334070680402575038e-01,3.141130371004560852e+10,2.776360109180598876e-03,2.776360109180598876e-03
-7.712848661820125296e-01,-3.311835476113679788e-01,3.074594326940788824e-01,1.041100891378791832e-01,2.000000000000000164e-05,2.001087130059733821e-01,1.325085443744634438e+10,2.449321934652347599e-01,2.449321934652347599e-01
-2.267240387454125539e-01,2.181707319879933743e-02,7.197212694662179500e-01,6.363944565611387438e-02,2.000000000000000164e-05,8.761433963693089355e-01,2.993284618937681580e+10,3.136059894740463212e-04,3.136059894740463212e-04
5.141447487123215199e-01,6.408244928271321361e-02,6.165847376401841773e-01,7.176269096706840156e-02,2.000000000000000164e-05,6.110221614927202616e-01,2.081236798838142776e+10,1.057228426756747896e-03,1.057228426756747896e-03
5.235636995763303103e-01,3.899472611178125270e-01,4.700428687781290638e-01,7.404618866459471149e-02,2.000000000000000164e-05,5.562176845608349796e-01,2.110284265252410126e+10,3.152531802904428248e-04,3.152531802904428248e-04
3.115869771265382115e-01,-4.756659217897257763e-01,5.416408475511778065e-01,6.817882288544467595e-02,2.000000000000000164e-05,7.125333498875957572e-01,2.205485566568042374e+10,1.583388270198406048e-04,1.583388270198406048e-04
-9.604785654350506130e-02,-4.495737623174066167e-02,7.787990369915713806e-01,7.032967056482131163e-02,2.000000000000000164e-05,6.491399930730976653e-01,3.625317554983062744e+10,1.641553913198404071e-03,1.641553913198404071e-03
-1.399978432455851463e-01,2.710306932200370889e-02,7.959665569032131627e-01,7.482741094291289752e-02,2.000000000000000164e-05,5.389773376301988383e-01,2.794774479572238159e+10,6.779277920086572255e-03,6.779277920086572255e-03
3.785286432915807020e-01,1.753498318746701118e-02,6.635158257179087915e-01,6.582282102901693133e-02,2.000000000000000164e-05,7.918165389249868236e-01,3.407879974245436478e+10,1.457756930535040237e-04,1.457756930535040237e-04
4.696486228277560460e-01,9.065525682046088329e-02,7.121581805635436302e-01,8.786709517477105102e-02,2.000000000000000164e-05,3.328670168171472543e-01,2.122934132006840897e+10,1.421244036033448600e-02,1.421244036033448600e-02
-2.464262401754052645e-01,4.854194708908419198e-01,6.033206965266492139e-01,7.509037993336853400e-02,2.000000000000000164e-05,5.333344353791311665e-01,2.316676779051423264e+10,1.265945361015938155e-03,1.265945361015938155e-03
1.874172480912141836e-01,-2.624054237729913502e-02,7.251464438014590952e-01,6.346741522358176346e-02,2.000000000000000164e-05,8.832890178168505413e-01,3.523550548410766602e+10,1.718894068205183742e-04,1.718894068205183742e-04
2.792494593099142386e-01,-4.173674031358158287e-01,5.970374748205860005e-01,6.732969968638020941e-02,2.000000000000000164e-05,7.398331424777678800e-01,2.543109363377883148e+10,4.326748882952616455e-04,4.326748882952616455e-04
-1.910818212441378963e-02,-6.551915557657314593e-02,7.394808225163747029e-01,6.381780595627466190e-02,2.000000000000000164e-05,8.688186302893713409e-01,4.430656890593146515e+10,1.430394250490180878e-04,1.430394250490180878e-04
1.408844910775097492e-01,1.342570000674103425e-01,8.601712813239877908e-01,9.646984428482757723e-02,2.000000000000000164e-05,2.515200185200440752e-01,1.315346327535148048e+10,5.240143338896314784e-01,5.240143338896314784e-01
4.571003302197178264e-02,2.624116818808936435e-01,7.908688103462919727e-01,8.151151751527173361e-02,2.000000000000000164e-05,4.169598108847695772e-01,2.530415809058218384e+10,1.419846629789308333e-02,1.419846629789308333e-02
8.261462253645019960e-01,2.710534269582950961e-01,8.043132781746731297e-02,9.356013804149741764e-02,2.000000000000000164e-05,2.757252969794540265e-01,1.385987692130686951e+10,2.084221286505134104e-03,2.084221286505134104e-03
-5.326226298014901106e-01,7.268241680111853231e-01,1.193435770886896868e-01,1.089143901791035235e-01,2.000000000000000164e-05,1.747780152471653525e-01,1.389008367117899323e+10,2.620945273766906586e-02,2.620945273766906586e-02
-4.137849355900661275e-01,4.391585235514534613e-01,6.265546625953015702e-01,9.424325553564014135e-02,2.000000000000000164e-05,2.697725300505246504e-01,1.243629610004044724e+10,4.143236774565592362e-01,4.143236774565592362e-01
-7.449762798878233339e-01,1.151795485628847315e-01,3.900259743082055142e-01,8.476665458557249011e-02,2.000000000000000164e-05,3.707449371066101618e-01,1.345611817833165932e+10,2.872762084502903518e-02,2.872762084502903518e-02
-4.548978842161586211e-01,3.096207477590391388e-01,7.336922702678871921e-01,1.146959566092540239e-01,2.000000000000000164e-05,1.496565768613809522e-01,1.206941601621998405e+10,1.000000000000000000e+00,1.000000000000000000e+00
1.838135932534737671e-01,1.640983751399300028e-01,7.213156017562410982e-01,6.496069539814255944e-02,2.000000000000000164e-05,8.237647743887425156e-01,3.450195289537791443e+10,1.087094340681733106e-04,1.087094340681733106e-04
3.338553405777595628e-01,5.659445649808020340e-01,5.087021297276063114e-01,7.843103256713246374e-02,2.000000000000000164e-05,4.680454348055668179e-01,1.001344181531956863e+10,1.460043437367942055e-03,1.460043437367942055e-03
-6.885912745079132424e-01,3.509950122325984911e-01,3.781893283461448263e-01,9.052667167063760401e-02,2.000000000000000164e-05,3.043821571657704395e-01,1.415974581481337166e+10,9.435392977643894397e-02,9.435392977643894397e-02
-1.159465732396459947e-01,-2.203396356289498148e-01,8.409702766979568755e-01,9.270527147860485595e-02,2.000000000000000164e-05,2.834234762724123224e-01,1.925591219335216522e+10,2.541565968005308762e-01,2.541565968005308762e-01
1.144864761136631381e-01,2.086616604978568656e-01,7.486004797276154532e-01,6.970447183401096147e-02,2.000000000000000164e-05,6.667630304097953431e-01,2.664326957477550507e+10,1.322471628234190124e-03,1.322471628234190124e-03
2.346394860249557679e-01,-8.377810263342944097e-02,7.220987164040135742e-01,6.727885391987074859e-02,2.000000000000000164e-05,7.415118037101772197e-01,4.473113695752605438e+10,6.290186061317934799e-04,6.290186061317934799e-04
5.817517236453594309e-01,-6.751745625382413740e-01,3.323034615540186587e-02,1.022167319055241191e-01,2.000000000000000164e-05,2.114361147910823191e-01,1.373076135051079750e+10,2.947961135210000558e-03,2.947961135210000558e-03
1.594236528763421368e-01,5.744716017462278002e-01,6.691329071502113424e-01,1.059056822993912211e-01,2.000000000000000164e-05,1.901016962751878037e-01,1.390685428373034859e+10,5.388379801428946347e-01,5.388379801428946347e-01
5.064028519966400355e-01,-1.260041405888702171e-01,6.457024086746813163e-01,7.805576581017753535e-02,2.000000000000000164e-05,4.748286690974171664e-01,1.743148588671284866e+10,2.225289446274576755e-02,2.225289446274576755e-02
3.443411015522913066e-01,-5.739707016674319151e-01,5.506491699905315951e-01,9.202313917648466401e-02,2.000000000000000164e-05,2.897731239506620704e-01,1.534923954735199928e+10,5.137767264470254752e-02,5.137767264470254752e-02
3.737831136159102674e-01,-5.002236648860178825e-01,5.696309881749188619e-01,8.380207112888961307e-02,2.000000000000000164e-05,3.836989642577469106e-01,1.520989014533806610e+10,4.256583881014669446e-01,4.256583881014669446e-01
2.178780101146586268e-01,6.509936358660715072e-01,4.123164815869885813e-01,7.299659748122375169e-02,2.000000000000000164e-05,5.805575993429274995e-01,3.140956322626419830e+10,1.666433522088867406e-04,1.666433522088867406e-04
7.593256138653022014e-02,3.889808002184624303e-01,6.962667158510699172e-01,7.362844105674086481e-02,2.000000000000000164e-05,5.657390497509431349e-01,2.722067173519596100e+10,5.255611314410541315e-04,5.255611314410541315e-04
-1.417686273579993050e-01,-6.072219382034379498e-01,5.973814557066471354e-01,8.979557747374211640e-02,2.000000000000000164e-05,3.118776189452946990e-01,1.512155923417726135e+10,7.981089293338597401e-02,7.981089293338597401e-02
4.004564029993847862e-01,4.554714258349294997e-01,6.303324656283517680e-01,9.428354668424332452e-02,2.000000000000000164e-05,2.694269398938958782e-01,1.420546145264588928e+10,6.636172260333303430e-02,6.636172260333303430e-02
2.870176087175123625e-01,8.804147820005081559e-02,7.598086032282957980e-01,7.288959813575135449e-02,2.000000000000000164e-05,5.831178157289317321e-01,1.284214739445106125e+10,4.866665995918573878e-02,4.866665995918573878e-02
3.455613457190367943e-01,4.061333852146298273e-01,5.908171470214870213e-01,7.216337167960859555e-02,2.000000000000000164e-05,6.009009794381265923e-01,2.987656705132316589e+10,5.444938037099068470e-04,5.444938037099068470e-04
9.805829879474946276e-02,-8.160279250393477346e-01,2.560820687752076164e-01,8.708759097811744065e-02,2.000000000000000164e-05,3.418857064827103831e-01,1.154393058305778503e+10,1.997813745712126790e-03,1.997813745712126790e-03
-1.779057015459815927e-01,2.840076654018092173e-01,7.705794546084888674e-01,8.450307378300378480e-02,2.000000000000000164e-05,3.742250918458781550e-01,2.959788995466906357e+10,4.120312437045374476e-02,4.120312437045374476e-02
5.043976345633653935e-01,-6.430830929940165586e-01,3.398399005508089266e-01,1.000758939512883805e-01,2.000000000000000164e-05,2.252980733057549090e-01,1.488594946609849358e+10,5.712587821304214442e-02,5.712587821304214442e-02
1.201444026127597986e-01,4.957537225115066781e-01,6.917192954663167193e-01,8.972082065152722774e-02,2.000000000000000164e-05,3.126578680134727839e-01,1.861438071750377655e+10,9.565379604790612278e-02,9.565379604790612278e-02
6.959174702564600024e-01,-3.315673089862795631e-01,3.228913064186990645e-01,8.216516427516101784e-02,2.000000000000000164e-05,4.070875241819700840e-01,1.651444435951395988e+10,1.697792315651580879e-03,1.697792315651580879e-03
-1.184327857437136172e-01,-7.040798587391008390e-01,4.203848212958851693e-01,7.675088184719856821e-02,2.000000000000000164e-05,4.994615379192419713e-01,1.825582418577280045e+10,1.558869345794451113e-02,1.558869345794451113e-02
-2.429823852028126785e-01,-6.201866720392790189e-01,4.801213461023968732e-01,7.606632479479187581e-02,2.000000000000000164e-05,5.130692741407198998e-01,2.280428816493308258e+10,1.755597501259386229e-03,1.755597501259386229e-03
2.050552673246784363e-01,5.225024980128757657e-02,7.842210163897439523e-01,7.165067671343229583e-02,2.000000000000000164e-05,6.138925599731742677e-01,1.854270196921623611e+10,1.960833612445413848e-02,1.960833612445413848e-02
-1.104365382791205052e-01,-4.139633886968663301e-01,7.783687105303149778e-01,9.780355131337158114e-02,2.000000000000000164e-05,2.413697529337208159e-01,1.336484799449613571e+10,4.438655346355336317e-01,4.438655346355336317e-01
1.453271552428147262e-01,-5.996552934762980347e-02,8.153215633934334239e-01,7.753741041381818910e-02,2.000000000000000164e-05,4.844168392728452344e-01,2.129003954200509644e+10,5.594419419171904433e-03,5.594419419171904433e-03
3.869041780996290703e-02,1.815160871254202224e-01,7.763554775772230077e-01,7.243108896003577768e-02,2.000000000000000164e-05,5.942622814101780060e-01,2.727920494810546494e+10,2.770238078687258052e-03,2.770238078687258052e-03
-3.665310060512528834e-01,7.261146514937323326e-01,2.331731442789420350e-01,8.282761445468107830e-02,2.000000000000000164e-05,3.973977161953741732e-01,1.976211624713531494e+10,7.113641563096460277e-04,7.113641563096460277e-04
-1.058742931099535128e-01,2.999626004282697767e-01,6.788244856399648919e-01,6.541702643914784621e-02,2.000000000000000164e-05,8.066436233550225987e-01,3.914044069117666626e+10,1.440024260037964287e-04,1.440024260037964287e-04
1.196180385130985319e-01,2.321889700430676551e-02,7.941220506781384580e-01,7.162819122722138832e-02,2.000000000000000164e-05,6.144707323293786549e-01,2.408622032904932785e+10,9.720016840277567738e-03,9.720016840277567738e-03
-5.994209663068557070e-01,2.983116458585801101e-01,4.723247397058303321e-01,7.621987248921134606e-02,2.000000000000000164e-05,5.099735657894097773e-01,2.032339829023653030e+10,8.782219380386277127e-03,8.782219380386277127e-03
-1.019596295715924188e-02,-4.325062736438839428e-01,6.550635175542771638e-01,6.821684195698862752e-02,2.000000000000000164e-05,7.113426437310585992e-01,2.920840746193091583e+10,1.810658303576335006e-03,1.810658303576335006e-03
6.807533863312937861e-01,-2.718476870821062708e-01,3.935390597559396131e-01,8.279200127725151737e-02,2.000000000000000164e-05,3.979107664959228852e-01,3.026858014191733170e+10,6.186139960186748258e-04,6.186139960186748258e-04
-6.538517303449404849e-01,4.070951347809491638e-01,3.946033921330581173e-01,9.176155887668301092e-02,2.000000000000000164e-05,2.922578274792017039e-01,1.384853921895177841e+10,5.487025976904898183e-02,5.487025976904898183e-02
-5.315305918883244107e-01,-1.768258072598115072e-01,6.690124090355311637e-01,9.327871072971569144e-02,2.000000000000000164e-05,2.782286478477811742e-01,1.343728266183186722e+10,1.153164282646471916e-01,1.153164282646471916e-01
-5.512616546999840952e-03,1.262057491660565633e-01,7.932747694503431424e-01,7.324034723024284987e-02,2.000000000000000164e-05,5.747803845769452469e-01,2.227444534099787521e+10,5.289118150339010976e-03,5.289118150339010976e-03
7.266474672895995024e-02,-5.731221743183605444e-01,5.050441981824105309e-01,6.407625570973045359e-02,2.000000000000000164e-05,8.583470456074970834e-01,2.626665785344554901e+10,1.376601566253463798e-04,1.376601566253463798e-04
4.472036257623386857e-01,1.378199908352677472e-01,6.305514610438008871e-01,7.023150655296608869e-02,2.000000000000000164e-05,6.518663213517067456e-01,3.119566999971232224e+10,4.255891990309023081e-04,4.255891990309023081e-04
2.141231358083640901e-02,-7.598006473019447427e-01,3.133718981727066644e-01,7.672351842581608128e-02,2.000000000000000164e-05,4.999961256743322147e-01,3.444311474435485077e+10,3.334061961117802024e-04,3.334061961117802024e-04
7.779890260342346708e-02,-3.014776859581441149e-01,8.093961838894099259e-01,9.006842529836149580e-02,2.000000000000000164e-05,3.090517934358199548e-01,1.697167886283396912e+10,2.452272041711806849e-01,2.452272041711806849e-01
2.642493035529593359e-01,-7.924408482464173620e-01,2.517348944918065268e-01,9.291539926983138908e-02,2.000000000000000164e-05,2.815043340395452787e-01,1.768981371876442337e+10,5.238674912054043856e-03,5.238674912054043856e-03
2.843238751466635114e-02,-3.263702359582304480e-01,6.879927252970234886e-01,6.443382077182102652e-02,2.000000000000000164e-05,8.441382915381631102e-01,2.593796645706807327e+10,1.471860307294046402e-04,1.471860307294046402e-04
7.038252416747468876e-02,-3.317888039849319348e-01,6.697616014733565049e-01,6.132367547557707188e-02,2.000000000000000164e-05,9.791972594037817723e-01,2.582281879477696228e+10,1.437549088070746051e-04,1.437549088070746051e-04
3.691340016797044488e-01,5.211529634943895539e-01,4.830968656158881047e-01,7.263007508950343472e-02,2.000000000000000164e-05,5.893909904498121355e-01,3.063878850147964859e+10,2.157305546711126931e-04,2.157305546711126931e-04
-1.149469975512165537e-01,8.758106062077734011e-01,1.066618983536837262e-01,9.973274213716207259e-02,2.000000000000000164e-05,2.276316981174761889e-01,1.288441015849552345e+10,2.326035975630428611e-03,2.326035975630428611e-03
-4.166629795391114943e-02,-5.742762132373223638e-01,6.631410835739006693e-01,9.572653780064076245e-02,2.000000000000000164e-05,2.574250014726732760e-01,1.396047471844169426e+10,5.058669879272646996e-01,5.058669879272646996e-01
-5.382455905203034074e-01,2.168506655588328391e-01,5.303198444736705319e-01,6.828791925147086050e-02,2.000000000000000164e-05,7.091257323551470870e-01,2.164762415854781723e+10,3.546282248225261628e-04,3.546282248225261628e-04
1.403310497468659990e-01,3.654897011752956670e-01,7.297686053679982576e-01,7.881228366839160282e-02,2.000000000000000164e-05,4.612856916222826675e-01,2.286631354632836914e+10,1.859119632940904945e-02,1.859119632940904945e-02
3.314098680750929282e-01,-2.928176718837234294e-01,6.694346416399938882e-01,7.373954844517863205e-02,2.000000000000000164e-05,5.631859469730948753e-01,2.925618855224703598e+10,8.436604109982433425e-04,8.436604109982433425e-04
5.334112348445410046e-01,6.311101635235101537e-02,6.966053884469256552e-01,9.649775332463049471e-02,2.000000000000000164e-05,2.513018455436343279e-01,1.381930722932005119e+10,1.162909565838957521e-01,1.162909565838957521e-01
9.086546025757129968e-03,-2.445581218320178885e-01,7.634769635792089115e-01,7.363834889330519995e-02,2.000000000000000164e-05,5.655107512298402916e-01,2.608545052559904099e+10,3.947891446732328460e-03,3.947891446732328460e-03
2.765735609120283933e-01,-1.298295252655284893e-01,8.190088980450844769e-01,9.293335075882300234e-02,2.000000000000000164e-05,2.813419786344041884e-01,1.092891289319269180e+10,1.169372897908795977e-01,1.169372897908795977e-01
-1.056702923630745278e-01,5.204642551197476985e-01,6.176689316881976977e-01,7.724921676600185472e-02,2.000000000000000164e-05,4.898575320128606414e-01,2.801825282256696320e+10,4.769957775175056431e-04,4.769957775175056431e-04
4.850334156477059677e-01,-4.928382788791185187e-01,4.443327826767841660e-01,7.870339557988996482e-02,2.000000000000000164e-05,4.632029706933507573e-01,2.634632145147556686e+10,3.971035086260004711e-03,3.971035086260004711e-03
7.616441463317483729e-01,3.549134430008903385e-01,1.421659196773475964e-01,8.491700306260048514e-02,2.000000000000000164e-05,3.687791404471407186e-01,1.409481156196021652e+10,1.265335684516526605e-03,1.265335684516526605e-03
-6.231949870052289758e-02,7.977334995107826510e-02,7.514943863592887796e-01,6.513277507199788374e-02,2.000000000000000164e-05,8.172508794539941057e-01,3.244912116716866302e+10,3.813534529550485427e-04,3.813534529550485427e-04
6.140666624527000295e-01,-4.098716367701926155e-01,3.981292889505656518e-01,8.186658013530749567e-02,2.000000000000000164e-05,4.115580523982025341e-01,1.323328405252761078e+10,9.064988340723573873e-03,9.064988340723573873e-03
-3.822756538810453408e-01,2.490559984337009092e-01,7.371255832973221400e-01,9.147233166434171059e-02,2.000000000000000164e-05,2.950389370550491330e-01,1.535299859042063332e+10,1.000000000000000000e+00,1.000000000000000000e+00
1.693158546914384777e-01,7.837120555187901960e-01,4.305432919178334705e-01,1.080626905541325483e-01,2.000000000000000164e-05,1.789433681822079902e-01,1.419220912675419998e+10,2.137127009297075664e-01,2.137127009297075664e-01
-7.472520433185595445e-01,-3.934831547778936400e-01,2.043719407304359081e-01,9.173064614097713176e-02,2.000000000000000164e-05,2.925534764349178030e-01,1.371190928698227501e+10,8.063910650778697078e-03,8.063910650778697078e-03
-7.950705825653793524e-02,-1.298419165301494815e-01,8.696076878743875804e-01,9.462400611736329625e-02,2.000000000000000164e-05,2.665285139670281467e-01,1.109659828180010414e+10,4.376293602135129523e-01,4.376293602135129523e-01
-6.281143984001360536e-01,3.412392235449186462e-01,4.683877478318924648e-01,8.826030203566406773e-02,2.000000000000000164e-05,3.284378793386579232e-01,1.455099745093120384e+10,4.594723556412994014e-02,4.594723556412994014e-02
2.544432165357940479e-01,4.160614364829395284e-01,6.314904672282918296e-01,7.025615347394587040e-02,2.000000000000000164e-05,6.511792609958254596e-01,2.203238453774346924e+10,1.070755671908582866e-03,1.070755671908582866e-03
8.084116761094392034e-01,2.136930090577730534e-01,2.070604396704918138e-01,8.992197148883562807e-02,2.000000000000000164e-05,3.105643193809140556e-01,1.816480334282942963e+10,8.586667810206257204e-03,8.586667810206257204e-03
2.803206720123819218e-01,2.159416343979435604e-01,8.092958267329511957e-01,9.780559270579160247e-02,2.000000000000000164e-05,2.413546720379982358e-01,1.556752846979102135e+10,4.831681889470835767e-01,4.831681889470835767e-01
6.525493663819532941e-02,-1.000476175832534648e-01,7.802276518530356642e-01,7.059959259028450451e-02,2.000000000000000164e-05,6.417223968428760195e-01,3.533017795352606201e+10,2.701665738687638848e-04,2.701665738687638848e-04
-5.464524085998856417e-01,1.507907001397863489e-01,6.084032291760883560e-01,7.891615899845086379e-02,2.000000000000000164e-05,4.594665525805411432e-01,1.687069383037330818e+10,1.109282044252861560e-01,1.109282044252861560e-01
4.087173126161705028e-01,-3.538619385752049817e-01,7.325601096663866274e-01,1.121621510981871961e-01,2.000000000000000164e-05,1.600307680391382104e-01,1.449826554781068039e+10,1.000000000000000000e+00,1.000000000000000000e+00
-8.312243923499649245e-01,-1.013971840343133590e-01,2.760075156561933030e-01,9.830594362364136751e-02,2.000000000000000164e-05,2.376879868395173345e-01,1.401897547384870529e+10,4.442059439197749288e-02,4.442059439197749288e-02
1.099067876785923548e-01,8.623625951782251109e-01,1.582575111085551267e-01,9.760963763916663538e-02,2.000000000000000164e-05,2.428112294247841696e-01,1.397825683096010208e+10,4.814120238685897293e-03,4.814120238685897293e-03
-1.025890271652881852e-01,-8.460946068873705928e-01,1.205021395210741642e-01,8.677243569399893663e-02,2.000000000000000164e-05,3.456244762623083000e-01,1.592481900272759438e+10,1.649302908746700345e-03,1.649302908746700345e-03
5.746850283270190651e-01,6.618364195971149222e-01,1.966512038690301778e-01,1.045641160388679908e-01,2.000000000000000164e-05,1.975132682509078974e-01,1.340432859329244041e+10,1.872545757110200687e-02,1.872545757110200687e-02
-2.869769981991688867e-01,-4.847547591436346393e-02,8.247989516830759316e-01,9.210865360491458931e-02,2.000000000000000164e-05,2.889662341495933262e-01,1.412888053957839203e+10,4.578700353472971996e-01,4.578700353472971996e-01
-3.724974068994858500e-01,6.122109493223784060e-01,4.955195972157471762e-01,9.267702564994723113e-02,2.000000000000000164e-05,2.836821266698527078e-01,1.337436212764012146e+10,5.037118945808918835e-02,5.037118945808918835e-02
3.987657159151359876e-01,6.596844919158738607e-01,4.463587566870768075e-01,9.986515949828672634e-02,2.000000000000000164e-05,2.267273882919298433e-01,1.410363290514860535e+10,7.479764939617358777e-02,7.479764939617358777e-02
1.557836323731385531e-01,4.552920654846090431e-01,6.558395860925739784e-01,7.413122727434680315e-02,2.000000000000000164e-05,5.543055244675242355e-01,1.778028050846219635e+10,3.446144907035638555e-02,3.446144907035638555e-02
6.731190263690013387e-01,1.461862156700757254e-01,5.245013592504929045e-01,9.048359960136240221e-02,2.000000000000000164e-05,3.048170490232157137e-01,1.529892296411548042e+10,2.283177890232472029e-01,2.283177890232472029e-01
7.790614102618140802e-01,-4.214104818685115439e-01,4.409982364142654016e-02,1.009191131765530269e-01,2.000000000000000164e-05,2.196976220844412964e-01,1.353814376343584633e+10,2.316785852773467751e-03,2.316785852773467751e-03
2.579362758202813355e-01,1.695693719277158729e-01,7.372477874606183645e-01,7.115122768603197867e-02,2.000000000000000164e-05,6.269117661993512947e-01,2.493361371615553284e+10,9.240399546798901131e-03,9.240399546798901131e-03
-4.556616161903086909e-02,-6.485039656628758253e-01,5.639946996340640117e-01,8.888963581875562736e-02,2.000000000000000164e-05,3.215110613540737572e-01,1.361789868574551773e+10,1.119408637990045169e-01,1.119408637990045169e-01
5.697913581685188911e-01,3.079391332148186024e-03,6.084510571440839843e-01,7.813454045073049692e-02,2.000000000000000164e-05,4.733939379771590628e-01,1.872902935899527359e+10,3.520673147872247638e-02,3.520673147872247638e-02
7.796601306867719794e-01,-4.385212715178473664e-01,-7.316705460839825759e-02,1.050903107398702546e-01,2.000000000000000164e-05,1.945611289038698399e-01,1.526496490174692154e+10,6.644128112511296083e-04,6.644128112511296083e-04
-3.215862553094011034e-01,-4.868399656089444916e-01,6.893852340082911034e-01,1.057106938835344345e-01,2.000000000000000164e-05,1.911556255665647630e-01,1.462049813780925560e+10,4.829070548778103822e-01,4.829070548778103822e-01
5.373781980463967489e-01,-5.485000506488373340e-01,4.137637181810056020e-01,9.441385604696320155e-02,2.000000000000000164e-05,2.683127973836716418e-01,1.348208108626058578e+10,1.356854455557733423e-02,1.356854455557733423e-02
-3.086161179462185156e-01,6.421073845560049120e-01,5.004018931586787788e-01,9.221886215660840547e-02,2.000000000000000164e-05,2.879316698559430954e-01,1.422475217997215271e+10,2.271017295991749618e-01,2.271017295991749618e-01
1.797490531913926159e-01,-1.967722377607869499e-01,8.515034570329933494e-01,1.003588592449969341e-01,2.000000000000000164e-05,2.233976793993399934e-01,1.410279387343770790e+10,1.179262401398659399e-01,1.179262401398659399e-01
-1.773181659938129207e-02,5.610031432828077591e-01,5.698535424329680410e-01,7.279919391661458794e-02,2.000000000000000164e-05,5.852928593022694859e-01,3.061701655013156891e+10,1.758414432075062171e-03,1.758414432075062171e-03
2.638528155925095042e-01,2.500914063554070532e-01,7.380879760800677092e-01,7.763317570451909455e-02,2.000000000000000164e-05,4.826251168052898000e-01,2.189078601614783859e+10,4.884778368249477996e-03,4.884778368249477996e-03
-1.800877464187533306e-01,-7.971091810742855222e-01,2.474012439611948388e-01,8.420370729800519261e-02,2.000000000000000164e-05,3.782307725649775021e-01,1.214692877062040138e+10,1.140386657007974765e-02,1.140386657007974765e-02
-4.823693225239473192e-01,5.839847667101000228e-01,3.699455291440177929e-01,8.171687564955230909e-02,2.000000000000000164e-05,4.138241389202822473e-01,1.402776131102535248e+10,3.662391357292578420e-03,3.662391357292578420e-03
1.090389357485714444e-01,-6.608722339849129046e-01,4.635653397851153823e-01,7.381902712930792088e-02,2.000000000000000164e-05,5.613682498033435442e-01,1.967643128252935028e+10,3.420115013677906511e-03,3.420115013677906511e-03
3.951755895879285885e-01,2.831556848864538734e-01,6.102217497637114629e-01,6.934230670436969390e-02,2.000000000000000164e-05,6.772650126974106843e-01,2.923372489846028519e+10,2.007547506097454569e-04,2.007547506097454569e-04
5.635218239268011686e-01,-6.157282798178961847e-02,6.212570026069496043e-01,8.063891803496621435e-02,2.000000000000000164e-05,4.306428539803287547e-01,1.274148979770499420e+10,5.141835268353669303e-02,5.141835268353669303e-02
-2.735095940007966075e-01,-8.130919618241118085e-01,1.429077539018226428e-01,8.993381795187006811e-02,2.000000000000000164e-05,3.104416066810245511e-01,1.538326038398453712e+10,1.174536642225700554e-02,1.174536642225700554e-02
-1.770361374103420204e-01,1.133589138193366319e-01,7.363741907722373137e-01,6.643817377055394324e-02,2.000000000000000164e-05,7.700180266984285593e-01,3.069015453561451721e+10,3.177764256118943893e-04,3.177764256118943893e-04
1.279609921632302860e-01,4.680521905767195401e-01,7.409790005710730210e-01,1.009222269646925241e-01,2.000000000000000164e-05,2.196772759329356783e-01,1.527628020095211601e+10,4.308292475577858438e-01,4.308292475577858438e-01
-2.040300549782260164e-01,2.138054527766219126e-01,7.357309154139775043e-01,7.241873828388253886e-02,2.000000000000000164e-05,5.945661928291070542e-01,2.986278503976419067e+10,2.127338020675150713e-03,2.127338020675150713e-03
4.504378619026607189e-01,-5.842440651445937050e-01,3.631234793287977936e-01,7.777447090279404618e-02,2.000000000000000164e-05,4.799994858244715501e-01,2.214328566371169662e+10,4.470279466758140348e-04,4.470279466758140348e-04
2.496077296926666189e-01,-1.968758862997811165e-01,7.297411108043913019e-01,7.089488588191768248e-02,2.000000000000000164e-05,6.337361979826513503e-01,2.111651540381278992e+10,1.253304493526282782e-03,1.253304493526282782e-03
-1.299596019922575341e-01,-3.534355996626827867e-01,8.096750098646700033e-01,9.861297247099953811e-02,2.000000000000000164e-05,2.354747136431044330e-01,1.366419703896218300e+10,4.277538596483724809e-01,4.277538596483724809e-01
-5.517116167108956359e-01,3.613102494909342099e-01,5.771490135544895539e-01,9.748856468051972368e-02,2.000000000000000164e-05,2.437170294841561613e-01,1.712125273022191048e+10,1.230356349078752104e-01,1.230356349078752104e-01
7.514072126602926449e-01,1.517668388758621756e-01,3.754718867848911290e-01,8.670980670617677022e-02,2.000000000000000164e-05,3.463757625208555568e-01,1.657632642184130478e+10,4.681708025554582459e-03,4.681708025554582459e-03
-2.303986652882574274e-02,7.340973409627465918e-01,3.804034468878647046e-01,7.964093842285560609e-02,2.000000000000000164e-05,4.470359471496629933e-01,2.424016004981080246e+10,1.569620740118202922e-03,1.569620740118202922e-03
-2.938833084178826827e-01,5.534291323023701192e-01,4.969420227089391684e-01,7.227807074608265381e-02,2.000000000000000164e-05,5.980442924705223762e-01,2.276490744009195328e+10,6.895050588098023845e-04,6.895050588098023845e-04
3.092027139848246287e-01,-4.086886381386456990e-01,5.649679954826164474e-01,6.322744774645726318e-02,2.000000000000000164e-05,8.933831227723104673e-01,2.411454086306213760e+10,1.483180698362741455e-04,1.483180698362741455e-04
-7.707803033402614579e-02,-7.944854954146390869e-01,3.261690100184268526e-01,8.819697290383740618e-02,2.000000000000000164e-05,3.291470245599987798e-01,1.649798928009693146e+10,2.724466854823405504e-02,2.724466854823405504e-02
-1.742907356812964104e-01,3.959365870209378691e-01,6.720378794756951546e-01,7.279532931685746278e-02,2.000000000000000164e-05,5.853863759128078437e-01,2.332168105835422516e+10,4.647130321785358851e-04,4.647130321785358851e-04
4.128030183456093266e-02,-7.134819862602800322e-01,4.387205790992412258e-01,8.074269940133912971e-02,2.000000000000000164e-05,4.289844102930270853e-01,2.294652324042598343e+10,1.902183013084107754e-02,1.902183013084107754e-02
2.468925115791051339e-01,2.139868459888311925e-01,6.876779294528438946e-01,6.528521490140534733e-02,2.000000000000000164e-05,8.115393961025946234e-01,3.564908710163587189e+10,3.688504021073923532e-04,3.688504021073923532e-04
7.911736583302747539e-01,-2.289236684468108629e-01,2.189500182240340931e-01,8.645340789156177874e-02,2.000000000000000164e-05,3.494649202595959681e-01,1.301912090509357643e+10,2.213275569541309847e-04,2.213275569541309847e-04
-6.534055424155387204e-01,3.425793173689209992e-01,3.029928977996335648e-01,7.058167971322644452e-02,2.000000000000000164e-05,6.422113412726132564e-01,2.204976423776297379e+10,1.146956815283253236e-04,1.146956815283253236e-04
-1.601993806310269275e-01,2.419028584484421984e-01,7.277808187602886614e-01,7.231134898693186708e-02,2.000000000000000164e-05,5.972201170961350947e-01,4.124161613361093140e+10,2.505715078771239795e-04,2.505715078771239795e-04
-8.741649890404662449e-01,8.576894235803161903e-02,1.362190142932523107e-01,1.001857231198487325e-01,2.000000000000000164e-05,2.245579156827282874e-01,1.476593825647562027e+10,4.166943521180930220e-03,4.166943521180930220e-03
-3.001637593978351837e-01,6.667799287012773357e-01,3.997442230427422638e-01,8.096527361343157370e-02,2.000000000000000164e-05,4.254562353794489882e-01,2.310347461632019424e+10,1.005733055420185125e-03,1.005733055420185125e-03
4.139499103085151344e-01,5.119663996352521451e-01,4.349025354216163874e-01,7.091368267440882611e-02,2.000000000000000164e-05,6.332334415553265705e-01,3.004962955254723740e+10,1.263300089917032611e-04,1.263300089917032611e-04
3.902546892981966220e-01,6.049063493227639643e-02,7.567223078929988800e-01,8.502811175133385968e-02,2.000000000000000164e-05,3.673353236404935940e-01,1.152235375257076645e+10,9.588289288310984648e-02,9.588289288310984648e-02
1.195921995307653168e-01,1.603782342538689204e-02,8.571588956960584094e-01,8.804608390319433597e-02,2.000000000000000164e-05,3.308410510106839508e-01,1.593486936452229118e+10,2.165690982221895600e-01,2.165690982221895600e-01
-3.348255092301755109e-01,3.347517405557335901e-01,7.325111971467102023e-01,9.425233957891970826e-02,2.000000000000000164e-05,2.696944541892530300e-01,1.091748636182716179e+10,2.482530045234212501e-01,2.482530045234212501e-01
4.319817012399183032e-01,5.779039388873539185e-01,4.816998411941076919e-01,8.984968624312182628e-02,2.000000000000000164e-05,3.113144958402586648e-01,1.289523866335607338e+10,1.819991488044682137e-01,1.819991488044682137e-01
5.606445718593738858e-02,-7.702848329537437255e-01,4.564937210902865194e-01,1.049646881503783907e-01,2.000000000000000164e-05,1.952605357926426310e-01,1.310653403182801628e+10,4.753753217905221096e-01,4.753753217905221096e-01
-1.282097582524340529e-01,-7.732212145196699915e-02,8.065887407519520824e-01,7.604287091889419536e-02,2.000000000000000164e-05,5.135429968532897460e-01,2.121481044021368790e+10,9.504044504355910888e-03,9.504044504355910888e-03
-8.084473124071077654e-01,-1.733355339511329640e-01,2.741605767883488753e-01,9.345154928117153925e-02,2.000000000000000164e-05,2.766875633704672932e-01,1.232554134125476837e+10,9.397027155841003801e-03,9.397027155841003801e-03
3.781809919427372990e-01,-2.181493554074666053e-01,5.970420490837000660e-01,6.231204393685272486e-02,2.000000000000000164e-05,9.333371334026500099e-01,3.798604934568838501e+10,1.092956053517210509e-04,1.092956053517210509e-04
2.152902465616382266e-01,7.317897038308961433e-01,4.608678576664266280e-01,9.957208251428713297e-02,2.000000000000000164e-05,2.287353660945246892e-01,1.842507810674872208e+10,3.976478816529168681e-01,3.976478816529168681e-01
-1.196471401702133286e-01,4.074391571822105762e-01,6.624239487089960132e-01,7.029097788793524371e-02,2.000000000000000164e-05,6.502114082426182495e-01,2.378423248494004440e+10,3.509902466955873782e-04,3.509902466955873782e-04
1.584226130813424782e-01,-2.867139126488726375e-01,7.866645848458965196e-01,8.471728304671352627e-02,2.000000000000000164e-05,3.713935173694220548e-01,2.078198172139918518e+10,3.101200527282622910e-02,3.101200527282622910e-02
1.459556153632503017e-01,-7.093593504520736559e-01,4.142136653819794012e-01,7.996231849830036376e-02,2.000000000000000164e-05,4.416674035857161007e-01,1.670193554806411171e+10,9.032034352396259291e-03,9.032034352396259291e-03
2.972058810895910064e-01,6.284944119853123068e-01,5.059611816849308719e-01,8.693959051764554857e-02,2.000000000000000164e-05,3.436359841971248219e-01,1.417687256110529709e+10,2.485584438028836524e-02,2.485584438028836524e-02
-4.742530588834566185e-02,8.734454808337480669e-01,1.792872433747233207e-01,1.021025921069262099e-01,2.000000000000000164e-05,2.121460169779836868e-01,1.446974475599446106e+10,5.651502839811002078e-03,5.651502839811002078e-03
-1.413268454794768536e-01,7.758341446329678481e-01,3.846329819519367921e-01,9.524776664552321581e-02,2.000000000000000164e-05,2.613263742776628651e-01,1.586052312563606453e+10,4.422620049643369300e-02,4.422620049643369300e-02
-2.511446290651571656e-01,-6.992334414649166163e-01,4.099389556172565174e-01,8.360508661272418596e-02,2.000000000000000164e-05,3.864137211629490865e-01,1.550235990331310081e+10,2.227179394383649313e-02,2.227179394383649313e-02
1.362709846118685397e-01,-3.092566221595952625e-01,6.963116337691815927e-01,6.715235010777949320e-02,2.000000000000000164e-05,7.457103890620973008e-01,2.822250740074646759e+10,1.881850529055759179e-04,1.881850529055759179e-04
-1.828260740518879435e-01,-3.895414514447630427e-01,7.627364009381315535e-01,9.160248293178967216e-02,2.000000000000000164e-05,2.937830999848379809e-01,1.482528307876168633e+10,2.128749057743104522e-01,2.128749057743104522e-01
5.313637679250878820e-01,1.444805143041315298e-01,6.383297962559906225e-01,8.340785014419875576e-02,2.000000000000000164e-05,3.891615352903917135e-01,2.056437975451441574e+10,3.879554960156798155e-02,3.879554960156798155e-02
1.221128333662952967e-02,-2.720653745928857670e-01,7.521498036487090921e-01,7.251615510640258000e-02,2.000000000000000164e-05,5.921738408157278810e-01,2.581511143501809692e+10,4.290860506071288031e-04,4.290860506071288031e-04
6.426302792621283455e-01,-1.625759002133357611e-01,5.272180126991714566e-01,8.486052141703809282e-02,2.000000000000000164e-05,3.695160020830126069e-01,1.905546389302703476e+10,1.925080672347231903e-02,1.925080672347231903e-02
3.994564280919535859e-01,-3.941143154626877143e-01,6.634545359194560232e-01,9.337158157491581845e-02,2.000000000000000164e-05,2.773985512957236610e-01,1.581732469173798943e+10,3.928046791097963841e-01,3.928046791097963841e-01
-7.940911689536395146e-01,-2.456228792007410788e-01,2.879697427178863345e-01,9.683724314260477861e-02,2.000000000000000164e-05,2.486679951565919366e-01,1.301592656294159508e+10,2.702173482329498985e-02,2.702173482329498985e-02
5.479330077313565583e-01,4.154245559677278710e-01,5.806173419894858911e-01,1.047533884793294123e-01,2.000000000000000164e-05,1.964445458652894494e-01,1.470622410869647408e+10,2.085672836993041068e-01,2.085672836993041068e-01
-8.177576581466372563e-01,-2.593652648058239561e-03,3.293132070454942162e-01,9.838460496163209390e-02,2.000000000000000164e-05,2.371183018050356528e-01,1.597741371922037697e+10,8.621001154232429964e-02,8.621001154232429964e-02
4.659299033938123502e-01,-7.138029575803862548e-01,1.062065184686111358e-01,8.754165219622660199e-02,2.000000000000000164e-05,3.365932795692285207e-01,2.119907196385647202e+10,3.746912292756633634e-04,3.746912292756633634e-04
-3.284584823308503987e-01,-3.611443808056132715e-02,7.621284603413294167e-01,7.831236549251913148e-02,2.000000000000000164e-05,4.701763972042116158e-01,2.037446016705949020e+10,1.906538436954897595e-02,1.906538436954897595e-02
-8.060327330785409528e-01,-3.092266485297460732e-01,9.420955108905085251e-02,9.177640549650022128e-02,2.000000000000000164e-05,2.921163035393714025e-01,1.591474604839073563e+10,8.050843637072934138e-04,8.050843637072934138e-04
-2.649363843751684211e-01,-2.682153392697268490e-01,8.073697582276541107e-01,9.898749706850167029e-02,2.000000000000000164e-05,2.328119480460889568e-01,1.337768819244693375e+10,1.000000000000000000e+00,1.000000000000000000e+00
-1.702560361465014216e-01,-5.807830235380571082e-01,5.209117450459215259e-01,7.141669676869398520e-02,2.000000000000000164e-05,6.199468835559676094e-01,2.626299119389241028e+10,1.450280783772403288e-03,1.450280783772403288e-03
-7.237267116919700038e-01,3.398288585467456602e-01,2.390717607406117329e-01,7.889488040430145399e-02,2.000000000000000164e-05,4.598388701582024063e-01,1.677687066221216393e+10,2.107307510127339779e-03,2.107307510127339779e-03
2.885676020615096093e-01,-4.721145218748465933e-01,5.363737555899014131e-01,6.525481214278253117e-02,2.000000000000000164e-05,8.126742429476748741e-01,2.132669868518428802e+10,3.101992030856477885e-04,3.101992030856477885e-04
-6.636016213310350631e-01,-5.183747022412058536e-01,1.928611741915249311e-01,8.926689708416381264e-02,2.000000000000000164e-05,3.174518633323095695e-01,1.577098697355660629e+10,1.413769404150301730e-02,1.413769404150301730e-02
-1.129164157270414609e-01,-5.893853659672666501e-01,6.153768023298965550e-01,8.799919720170509829e-02,2.000000000000000164e-05,3.313701670438649605e-01,1.569131460567996597e+10,1.026787001682818584e-01,1.026787001682818584e-01
7.331800034972643099e-01,4.281440314838917960e-01,1.447689452210300654e-01,8.886767407662989060e-02,2.000000000000000164e-05,3.217494883308226750e-01,1.518433783313808060e+10,9.106465352390326340e-03,9.106465352390326340e-03
-6.507158019642969027e-01,5.178599052670691538e-01,3.352159657219527245e-01,1.054352305603867695e-01,2.000000000000000164e-05,1.926578479265624588e-01,1.336495242708723640e+10,2.355227962128149111e-01,2.355227962128149111e-01
-1.955592704300471718e-01,3.302567280578134201e-01,7.515448460345074411e-01,8.542289016735063467e-02,2.000000000000000164e-05,3.622658655974277386e-01,3.431069041350640869e+10,2.095948044701734236e-02,2.095948044701734236e-02
-6.067055239685100743e-01,9.608758267989124524e-02,6.052477730754159957e-01,9.124574692876195880e-02,2.000000000000000164e-05,2.972423976113907074e-01,1.330991854350082397e+10,1.000000000000000000e+00,1.000000000000000000e+00
1.804954439508089092e-01,6.331556191378970855e-01,4.746088450334406406e-01,7.448309511453159171e-02,2.000000000000000164e-05,5.464865822385847061e-01,2.497985980820096970e+10,7.069935046645386186e-04,7.069935046645386186e-04
1.117861072409473758e-02,6.535340455197921061e-01,5.535663831622257280e-01,8.622299211752235126e-02,2.000000000000000164e-05,3.522741118999840326e-01,1.213681286221208191e+10,1.271521140581007014e-01,1.271521140581007014e-01
-6.083335384509379606e-01,-3.293615127624982541e-01,5.333014548754719808e-01,9.300626456653464380e-02,2.000000000000000164e-05,2.806809868219909410e-01,1.392341450864523125e+10,9.865658901423490779e-02,9.865658901423490779e-02
-5.128930766115807893e-01,-3.464797347693402418e-01,5.675403553111665333e-01,8.279888093976607577e-02,2.000000000000000164e-05,3.978115882621360289e-01,2.701249288131967163e+10,1.038866674927784416e-02,1.038866674927784416e-02
5.554060439353014633e-01,5.297815937293806066e-01,4.205198982113074191e-01,9.352959129649519865e-02,2.000000000000000164e-05,2.759952931061019910e-01,1.454858776168812752e+10,8.757035282699704437e-02,8.757035282699704437e-02
-8.812019513828699135e-02,-1.210628184290157699e-01,7.467558084062951851e-01,6.585107363764249044e-02,2.000000000000000164e-05,7.907978094944299041e-01,3.666828787254199982e+10,1.833291616666617532e-04,1.833291616666617532e-04
2.236712076328826182e-01,2.878607374755399739e-01,7.589393328234164127e-01,8.269914963669894314e-02,2.000000000000000164e-05,3.992525747304753181e-01,1.866626217579878998e+10,5.139797738903636309e-02,5.139797738903636309e-02
-7.754879564132220737e-02,-5.125248190886425581e-01,5.823463467721320397e-01,6.664694469635296104e-02,2.000000000000000164e-05,7.628043933444947911e-01,2.167936234126820374e+10,6.928649845721506547e-04,6.928649845721506547e-04
1.187430073074987463e-01,-1.428149681840334140e-01,8.764688876756075997e-01,1.007660542102401247e-01,2.000000000000000164e-05,2.207002891369805042e-01,1.484700593761558533e+10,4.321473634509640505e-01,4.321473634509640505e-01
-3.351178533533338277e-01,7.643941111208312211e-01,2.392008204831608253e-01,9.067915632851004937e-02,2.000000000000000164e-05,3.028491751689090794e-01,1.461723385786395836e+10,4.466434198116461633e-03,4.466434198116461633e-03
-3.476061523519666796e-01,-3.713598155402222378e-01,6.150862534400115544e-01,7.317855207309525989e-02,2.000000000000000164e-05,5.762374165648542768e-01,3.073643115606092453e+10,1.534023646418138011e-03,1.534023646418138011e-03
-6.065034267870659246e-01,1.714965619643448735e-01,4.816635899915480690e-01,6.961024261980174044e-02,2.000000000000000164e-05,6.694758436828190939e-01,2.450706766054996872e+10,8.935937879142562268e-04,8.935937879142562268e-04
2.002183047919152414e-01,1.199653524211560934e-01,8.145010673078982855e-01,8.221473862934486343e-02,2.000000000000000164e-05,4.063515582100555301e-01,1.519699692619822502e+10,2.032491127767835359e-01,2.032491127767835359e-01
6.763911246298210944e-01,2.360718947905927345e-01,4.451172039151540250e-01,8.399353976651459386e-02,2.000000000000000164e-05,3.810771398654902997e-01,1.918077152053912735e+10,2.200946683153928024e-03,2.200946683153928024e-03
6.757753273797495464e-01,-5.740352918781361780e-01,4.128035989984030901e-02,9.851021143570437566e-02,2.000000000000000164e-05,2.362124308181406118e-01,1.276617998259345055e+10,4.864880993788660117e-03,4.864880993788660117e-03
-2.585041057842791257e-01,4.099894896654776022e-01,7.052319662892154728e-01,8.703172849855213278e-02,2.000000000000000164e-05,3.425444713701434329e-01,1.604730551828099251e+10,1.090281579656749711e-01,1.090281579656749711e-01
1.287857470037774843e-01,4.594653693625805890e-01,6.055161488164477745e-01,6.536091170974057951e-02,2.000000000000000164e-05,8.087230216421884554e-01,2.379645932558317184e+10,3.491442937520235364e-04,3.491442937520235364e-04
-6.178820060234641032e-01,-6.365729649098034182e-01,1.284962811687955786e-01,1.037501162571433794e-01,2.000000000000000164e-05,2.021989104552264216e-01,1.697528010277929497e+10,2.227940786632641446e-02,2.227940786632641446e-02
7.409847218801347557e-01,-1.019979794223321024e-01,4.132169341897050097e-01,8.638910606317574958e-02,2.000000000000000164e-05,3.502458699511618034e-01,1.537245368095825386e+10,3.588478547910366884e-02,3.588478547910366884e-02
2.451155303231914440e-01,-4.753003742613914340e-01,5.891799512510013104e-01,7.157285896833236183e-02,2.000000000000000164e-05,6.158969074059641446e-01,2.608655330188785553e+10,1.714609934853900640e-03,1.714609934853900640e-03
-2.176244528712101556e-01,1.259855483756335270e-01,7.546643864080770925e-01,7.241456403879303894e-02,2.000000000000000164e-05,5.946694254358153575e-01,2.799882943093249130e+10,6.711163637844209115e-04,6.711163637844209115e-04
-6.736251439961553622e-01,9.926592136805464928e-02,5.003363546305233944e-01,8.352105031918480305e-02,2.000000000000000164e-05,3.875813089858221594e-01,1.234936610001579666e+10,9.673106144697296571e-02,9.673106144697296571e-02
-7.180567462512442711e-01,9.250566610031308451e-03,4.481792937661064902e-01,8.460585010301578668e-02,2.000000000000000164e-05,3.728629365519224859e-01,1.951836564145462036e+10,4.450931593567702960e-02,4.450931593567702960e-02
4.681642510777340727e-01,5.520146138577918249e-01,4.114268453285775395e-01,7.962522087970654028e-02,2.000000000000000164e-05,4.473007341510799040e-01,2.002518155042898941e+10,2.027175415426990535e-03,2.027175415426990535e-03
7.841489159580090629e-01,1.979706079040591815e-01,3.255703201863881513e-01,9.350180497163770865e-02,2.000000000000000164e-05,2.762419123578264690e-01,1.641201205343260002e+10,5.180382772058972352e-02,5.180382772058972352e-02
-4.222279155728635436e-01,-1.498433439877438871e-02,7.668210766345320284e-01,9.481123262113654027e-02,2.000000000000000164e-05,2.649529048488406535e-01,1.470601860763537025e+10,5.260757674958618235e-01,5.260757674958618235e-01
2.281418294236753699e-02,8.873816023723117841e-01,6.806256243127922767e-02,9.945473134574234209e-02,2.000000000000000164e-05,2.295460307985900950e-01,1.438281589070079422e+10,1.100879311461418859e-03,1.100879311461418859e-03
2.038659703964023351e-01,8.505314880097546160e-02,7.244167195917503577e-01,6.183421268635079515e-02,2.000000000000000164e-05,9.551428093921028317e-01,2.332662312677134323e+10,2.774273981715112908e-04,2.774273981715112908e-04
2.412138587649785559e-01,8.272620497201085277e-01,1.842098482850891006e-01,9.673254709150767849e-02,2.000000000000000164e-05,2.494763306796656810e-01,1.309760214692505455e+10,1.382729949310704124e-03,1.382729949310704124e-03
6.103110155989179830e-01,5.241459181334748862e-01,3.565500306691455901e-01,9.610901991199911898e-02,2.000000000000000164e-05,2.543635639936273618e-01,1.284977451094650269e+10,9.436306917904141445e-02,9.436306917904141445e-02
-1.901693648768608760e-02,-3.483528135309927332e-01,7.322089742900441678e-01,7.418586008687985678e-02,2.000000000000000164e-05,5.530817868527861947e-01,2.547588954371921921e+10,4.670507802987051808e-03,4.670507802987051808e-03
-4.771983769896741556e-01,-2.563131795585540940e-01,5.603084727198126558e-01,6.805096556259485063e-02,2.000000000000000164e-05,7.165571385573765717e-01,3.131421472987996292e+10,1.612012417584684999e-04,1.612012417584684999e-04
-3.249730647280547058e-01,-4.120473957725181990e-01,7.042140169014593498e-01,9.394700816529093224e-02,2.000000000000000164e-05,2.723327522504004894e-01,2.240244727797681046e+10,2.259237131129237797e-01,2.259237131129237797e-01
8.082918187318862691e-01,-2.104266114842066535e-02,3.027633644624019849e-01,9.091596411303315417e-02,2.000000000000000164e-05,3.004897694838081224e-01,1.898485528679870605e+10,4.668093418041897001e-03,4.668093418041897001e-03
1.393250692499539700e-01,3.446990807047621841e-01,6.990606059705899433e-01,7.024496440833782884e-02,2.000000000000000164e-05,6.514900056040057175e-01,2.602057907580334473e+10,1.858379233837418893e-03,1.858379233837418893e-03
2.861598240212003819e-01,2.952103947198780887e-01,6.898584039893767006e-01,7.295749704318554851e-02,2.000000000000000164e-05,5.814914893453447808e-01,2.741782077176804733e+10,2.204833244213308223e-03,2.204833244213308223e-03
-2.773592347321433005e-01,5.871801963301534477e-02,7.259198730203092476e-01,6.844254181237634238e-02,2.000000000000000164e-05,7.043284806312644086e-01,2.797727525306599045e+10,1.549270460676154286e-03,1.549270460676154286e-03
2.255292319257085065e-01,-9.280451378604423485e-02,7.457929259006227385e-01,7.033409208274810087e-02,2.000000000000000164e-05,6.490164348285140106e-01,3.873125059104105377e+10,1.627292090461573146e-03,1.627292090461573146e-03
5.772342718745110401e-01,1.632800387314705948e-01,6.082542034899466321e-01,8.683168449989193960e-02,2.000000000000000164e-05,3.449174475035445275e-01,1.630494845982105827e+10,3.835223322704770649e-02,3.835223322704770649e-02
5.928284725261201427e-01,-1.464196644004243653e-01,5.303245146559878442e-01,7.396103003538044562e-02,2.000000000000000164e-05,5.581410378646501913e-01,2.514533362116526031e+10,7.946076282165421070e-03,7.946076282165421070e-03
3.774453037586487092e-01,6.936946408589984570e-01,2.732481409005622641e-01,7.954291590526248179e-02,2.000000000000000164e-05,4.486906754285713284e-01,1.674222972763257217e+10,3.378252876689362373e-04,3.378252876689362373e-04
-1.197065380423108227e-01,-6.888988437049904379e-01,4.784871725901913009e-01,8.260946791426923563e-02,2.000000000000000164e-05,4.005543037341340873e-01,1.497762180108135605e+10,2.768603599286089886e-02,2.768603599286089886e-02
4.429902503615669174e-01,6.570258045291189619e-01,3.106648136232151858e-01,8.511142427384842113e-02,2.000000000000000164e-05,3.662576469127350465e-01,1.526994909464131355e+10,7.590586921025052093e-03,7.590586921025052093e-03
2.475606550832336328e-01,4.131957460460479181e-01,6.926228586718765623e-01,8.328848764268777238e-02,2.000000000000000164e-05,3.908371047025925304e-01,1.411006932358853340e+10,5.202614708513494945e-02,5.202614708513494945e-02
-7.326682232824609509e-01,-2.352512554524242572e-01,3.043389409852079175e-01,7.934318352231783944e-02,2.000000000000000164e-05,4.520877567502042393e-01,2.385042006244445801e+10,5.871188502566696216e-04,5.871188502566696216e-04
1.824399170027495853e-01,-4.066737136852667800e-01,7.347449765549171063e-01,8.835102027075160402e-02,2.000000000000000164e-05,3.274271867216247967e-01,1.664733981610692406e+10,4.114097299822260800e-01,4.114097299822260800e-01
-5.102150801519936829e-01,-5.325301036788215869e-01,3.737147383005874346e-01,7.782915129745365812e-02,2.000000000000000164e-05,4.789884808827888363e-01,2.117761291604673767e+10,2.617141055091531943e-04,2.617141055091531943e-04
-2.669171804533260750e-01,4.220649175470875258e-01,6.982254222228064799e-01,8.786166911483542230e-02,2.000000000000000164e-05,3.329286931923197690e-01,1.379481370502309799e+10,8.582332643465970246e-02,8.582332643465970246e-02
4.963899409221346204e-01,-4.795539612270648400e-01,4.615461341471175927e-01,8.088799019571059346e-02,2.000000000000000164e-05,4.266769022857840321e-01,2.342747389372001648e+10,5.500151123651181306e-03,5.500151123651181306e-03
-5.535830530168766028e-01,-6.846735244177030166e-01,1.723362017471388452e-01,1.045909898231984214e-01,2.000000000000000164e-05,1.973610550413306131e-01,1.442684846825204277e+10,5.547228140149162295e-02,5.547228140149162295e-02
-5.809629303865210259e-01,-5.169739495832470499e-01,3.128186798607312524e-01,8.148294229151671619e-02,2.000000000000000164e-05,4.173986409746575643e-01,2.305796964996784592e+10,1.312557849972016168e-04,1.312557849972016168e-04
7.126833871703235346e-01,4.202467682906199653e-01,2.636655778266149275e-01,9.323954796833408554e-02,2.000000000000000164e-05,2.785792287009343782e-01,1.181396465252065659e+10,6.215565914873147357e-02,6.215565914873147357e-02
-6.298976047953408486e-01,1.756021990259930832e-01,5.161248615743174728e-01,7.930418797115695861e-02,2.000000000000000164e-05,4.527550070237285063e-01,1.770079197346503067e+10,8.462728835732949428e-02,8.462728835732949428e-02
-5.417633137920656594e-01,-5.896905715897572398e-01,2.277039247729858440e-01,8.009136983912812369e-02,2.000000000000000164e-05,4.395358503966431685e-01,1.895200607697160721e+10,1.667945577942010489e-04,1.667945577942010489e-04
-6.529427361113985043e-03,7.707624160520577528e-01,4.518736008135662008e-01,1.010142412234433518e-01,2.000000000000000164e-05,2.190774915622979435e-01,1.487952687502274704e+10,1.819710174885706133e-01,1.819710174885706133e-01
4.425112050357157267e-01,-5.611852018004882536e-01,4.281315201186216002e-01,8.108521686780606474e-02,2.000000000000000164e-05,4.235709623684951741e-01,2.404959787416637039e+10,1.377197006521730868e-02,1.377197006521730868e-02
2.231032343671833507e-01,4.136995547568345782e-02,8.112260624849906288e-01,8.017436654688606112e-02,2.000000000000000164e-05,4.381722053010906892e-01,1.517599349482400131e+10,6.217813858264175514e-02,6.217813858264175514e-02
3.229573382370298229e-01,-6.405966853242448522e-01,4.743060334504166642e-01,8.949052365181785207e-02,2.000000000000000164e-05,3.150779332720331505e-01,1.704011184553504372e+10,8.730881997301638553e-02,8.730881997301638553e-02
1.175294468096315104e-01,-7.710385807953303861e-01,3.000553208219691181e-01,7.769697576451774224e-02,2.000000000000000164e-05,4.814371749140662904e-01,1.061407278040845871e+10,8.135194218666283970e-04,8.135194218666283970e-04
8.097042856117470100e-01,1.225979409274139398e-01,2.576657015099558246e-01,8.878885674277549322e-02,2.000000000000000164e-05,3.226071101778323347e-01,1.130912702313182068e+10,5.464191966590405125e-03,5.464191966590405125e-03
6.058679849160539810e-01,2.543670491930346000e-01,5.864068972571233607e-01,9.780081051671579706e-02,2.000000000000000164e-05,2.413900625367305930e-01,2.159773555051309586e+10,1.675195513757685439e-01,1.675195513757685439e-01
5.772500876601628361e-01,5.818519241117559027e-01,2.014354593604011645e-01,8.465298080446972961e-02,2.000000000000000164e-05,3.722405019341213928e-01,2.589507890808212280e+10,1.789216515907808601e-04,1.789216515907808601e-04
4.733242211872440430e-01,7.587408636108609050e-01,-1.097466168905195938e-01,1.074373716577743526e-01,2.000000000000000164e-05,1.820863480210919150e-01,1.163461907754066086e+10,1.474956910024194921e-04,1.474956910024194921e-04
1.607250091284132543e-01,3.967915915503330559e-01,6.516682838948932854e-01,6.614505133695723627e-02,2.000000000000000164e-05,7.803005652531880276e-01,2.144656855754883194e+10,1.077248703542711038e-04,1.077248703542711038e-04
-6.013571875975771697e-01,-2.655010666226814697e-01,4.928006122778238463e-01,7.538724604845029043e-02,2.000000000000000164e-05,5.270585199923260022e-01,1.829102187600863266e+10,4.019332562496536788e-03,4.019332562496536788e-03
5.411789304668885858e-01,2.654063198348889929e-01,6.754632130248073851e-01,1.079734221545892714e-01,2.000000000000000164e-05,1.793876172734048535e-01,1.487736694693723297e+10,5.340851538924673569e-01,5.340851538924673569e-01
-3.555292173917866116e-01,5.495583024903473168e-01,4.884590175459860295e-01,7.616204333683082583e-02,2.000000000000000164e-05,5.111366728240368529e-01,2.441089279034809494e+10,9.300892022837332126e-04,9.300892022837332126e-04
1.050792239785462573e-01,-5.833941829305313576e-01,6.662725540467900887e-01,1.039378654551422754e-01,2.000000000000000164e-05,2.011051251078954105e-01,1.428588718749350166e+10,4.825125367713939406e-01,4.825125367713939406e-01
1.093981443106715884e-01,-8.231653288073601527e-01,2.047680850431810584e-01,8.597824927578118226e-02,2.000000000000000164e-05,3.552910489143501493e-01,2.663861503390399933e+10,9.991959132351990822e-04,9.991959132351990822e-04
6.709504553165256402e-01,-4.353463462008353435e-01,3.042274467828149365e-01,8.774670185359388641e-02,2.000000000000000164e-05,3.342390582247690700e-01,1.852134351349669647e+10,1.178464064777492472e-02,1.178464064777492472e-02
-5.690273487908540373e-01,2.583229497893924642e-01,5.764979696175200896e-01,8.655032728624457994e-02,2.000000000000000164e-05,3.482955617339890120e-01,1.724107436448014069e+10,1.954753880673097965e-01,1.954753880673097965e-01
-8.649449262684120177e-01,-3.962016088139458381e-02,1.091524858421859256e-01,9.459516568014199323e-02,2.000000000000000164e-05,2.667728530869309389e-01,1.409217540030471611e+10,7.528462823745907728e-04,7.528462823745907728e-04
7.637491977594187409e-01,2.782389442494572762e-01,2.083967298350528630e-01,8.058038561310318371e-02,2.000000000000000164e-05,4.315819920135786636e-01,1.310308360584194565e+10,3.250559804842366451e-04,3.250559804842366451e-04
1.896637931061376584e-02,-6.260675230039064454e-01,5.159959502173336876e-01,7.228728690235952659e-02,2.000000000000000164e-05,5.978159119177861580e-01,1.708805557703056717e+10,1.043780133968510559e-03,1.043780133968510559e-03
-9.621025101786420675e-02,-9.348960623653741406e-03,8.861257447273127585e-01,9.817902622349147790e-02,2.000000000000000164e-05,2.386109850820185285e-01,1.344216292503011894e+10,5.403117264306790402e-01,5.403117264306790402e-01
-7.473631520696154273e-02,-6.363949969853162081e-01,5.386557578587226613e-01,7.947584987858523353e-02,2.000000000000000164e-05,4.498275618148631638e-01,1.738573058937135315e+10,5.594157642642564807e-03,5.594157642642564807e-03
-6.121006392129793028e-01,-1.667251797085945730e-01,5.751370002491741351e-01,8.713189503017988724e-02,2.000000000000000164e-05,3.413644443487949820e-01,1.440579855245794868e+10,5.116769453345441226e-02,5.116769453345441226e-02
-2.185402561092681384e-01,-6.186841344931799658e-02,8.000957262140696580e-01,7.844508517205117659e-02,2.000000000000000164e-05,4.677939527573840572e-01,2.041895305222031784e+10,1.953401010783812133e-02,1.953401010783812133e-02
4.712673645462882588e-01,-4.947131481693069488e-01,5.503767604902910504e-01,9.721300303790961217e-02,2.000000000000000164e-05,2.457954870435987982e-01,1.514767812571943665e+10,2.522785334108822997e-01,2.522785334108822997e-01
-3.478101289788576023e-01,-7.941505663838599460e-02,7.829995400073622713e-01,8.701792312947974339e-02,2.000000000000000164e-05,3.427075343419491715e-01,1.586927217034682274e+10,4.676932560210496082e-01,4.676932560210496082e-01
3.420982921978498181e-01,-6.674983799331570822e-01,3.957329951930508849e-01,8.474895794582432140e-02,2.000000000000000164e-05,3.709772388404759536e-01,1.638946019965391922e+10,1.923125625949547585e-02,1.923125625949547585e-02
5.655632857200746377e-01,-5.912574460525454878e-01,2.995826527616916590e-01,9.379760294593836312e-02,2.000000000000000164e-05,2.736360792655143093e-01,1.255583377470797729e+10,1.976164294807080876e-02,1.976164294807080876e-02
4.322643274144602477e-01,-4.516504639481524475e-01,4.809041424047366120e-01,7.086890796892503230e-02,2.000000000000000164e-05,6.344334091217358473e-01,2.885403952707227325e+10,1.696505978006415932e-04,1.696505978006415932e-04
5.665531741594772575e-01,-4.360346251316384730e-02,5.286637626755058550e-01,6.581779904674849024e-02,2.000000000000000164e-05,7.919978042894328940e-01,2.686976301494456482e+10,1.552318635359317581e-04,1.552318635359317581e-04
3.728225357808606089e-01,-2.761380828220453068e-02,6.947400540390891166e-01,7.075980682698729263e-02,2.000000000000000164e-05,6.373725569569030913e-01,2.721287642304314041e+10,4.726403416234780698e-04,4.726403416234780698e-04
3.016467340846218370e-01,2.033215477262002302e-01,6.832897646963179694e-01,6.733306023610666213e-02,2.000000000000000164e-05,7.397223766299489967e-01,3.127153078177984238e+10,3.046663409110652600e-04,3.046663409110652600e-04
9.592322986084651781e-02,-2.231537152873436236e-01,7.863167903977847928e-01,7.805618920611193112e-02,2.000000000000000164e-05,4.748209608477841348e-01,2.799342031289935684e+10,3.919634371482777664e-03,3.919634371482777664e-03
-7.869089346002944296e-01,3.843615304148330636e-01,1.051928846308237547e-01,9.592688807413103647e-02,2.000000000000000164e-05,2.558151848806038409e-01,1.225394599510792351e+10,1.205124379384145926e-02,1.205124379384145926e-02
6.826821071300605004e-01,1.093656850024083138e-01,4.619690806571133956e-01,7.965243612423188180e-02,2.000000000000000164e-05,4.468423770375125059e-01,2.065119128153919220e+10,9.776271537344371695e-03,9.776271537344371695e-03
-5.784775607266297026e-01,2.264489254232217863e-01,5.109726927180869849e-01,7.260020250447296597e-02,2.000000000000000164e-05,5.901191238336083167e-01,1.983568340857658768e+10,3.505305728745768384e-03,3.505305728745768384e-03
2.455060103453602927e-01,4.853612940141369680e-01,5.547708190559595964e-01,6.780544113230134451e-02,2.000000000000000164e-05,7.243694145706275345e-01,3.540919734537427521e+10,1.305071650179721085e-04,1.305071650179721085e-04
8.232595469192220961e-01,-2.987633436410876420e-01,1.877860976930128267e-01,1.050717680349602529e-01,2.000000000000000164e-05,1.946641488758852345e-01,1.437085059799903870e+10,2.278325902847790768e-02,2.278325902847790768e-02
-6.096647835997071052e-01,-1.133226436675315707e-04,4.818534950735812172e-01,6.616643747518950736e-02,2.000000000000000164e-05,7.795441844581046942e-01,3.054420692636190033e+10,2.810976441009450065e-04,2.810976441009450065e-04
-3.076178935421652327e-01,-3.357297066859956658e-01,7.219979152849971271e-01,8.484047624658735964e-02,2.000000000000000164e-05,3.697779823744741234e-01,2.001087867208263397e+10,9.302784969693729533e-02,9.302784969693729533e-02
2.666700507060465464e-01,5.675214178944830712e-01,5.967462473836094849e-01,9.063626037323287143e-02,2.000000000000000164e-05,3.032793806437508177e-01,1.320740696305363846e+10,2.268641392459024853e-01,2.268641392459024853e-01
-6.971419474028821561e-01,-1.700216665847879005e-01,4.588535014564606440e-01,8.617465231007480353e-02,2.000000000000000164e-05,3.528672805264855827e-01,1.404447783499977875e+10,4.695217217432707396e-02,4.695217217432707396e-02
-5.426411337356391584e-01,1.537282392801301578e-01,5.517874721496259793e-01,6.802131117870142962e-02,2.000000000000000164e-05,7.174967022088049040e-01,2.274430176665699768e+10,1.049229850783707420e-03,1.049229850783707420e-03
-2.856875238697694219e-01,6.455041903699767492e-01,4.617183679981056721e-01,8.255556325772821225e-02,2.000000000000000164e-05,4.013394510643937263e-01,1.750696418222806931e+10,4.450212148361793602e-03,4.450212148361793602e-03
-2.496454409076037662e-01,6.378789781233504819e-01,4.117058869746961780e-01,7.272473191173241258e-02,2.000000000000000164e-05,5.870928533736734511e-01,2.995765174915244675e+10,1.438190331429318937e-04,1.438190331429318937e-04
5.862111570154183715e-01,-6.226046074869383551e-01,1.276572309423021634e-01,9.004481156322668989e-02,2.000000000000000164e-05,3.092950031189999338e-01,1.726201118257754135e+10,1.772575279894346987e-04,1.772575279894346987e-04
1.534953251839590027e-01,-5.682574715718048397e-01,5.302073218180464176e-01,6.921859437390040504e-02,2.000000000000000164e-05,6.809029082462965121e-01,2.673345291310332108e+10,2.129414136637921510e-04,2.129414136637921510e-04
1.273716190037649243e-01,1.279984570244218078e-01,7.869143510509265527e-01,7.354393317765881011e-02,2.000000000000000164e-05,5.676914185111719968e-01,2.725386841979034424e+10,4.692113513558049745e-03,4.692113513558049745e-03
2.997352212607196642e-01,8.993016388905836211e-02,7.020401901748851703e-01,6.357051218111389734e-02,2.000000000000000164e-05,8.789986427174022454e-01,2.628322200395513535e+10,1.635777101577609973e-03,1.635777101577609973e-03
-2.149519687850240737e-02,-3.556541516133521763e-01,8.096120290216697324e-01,9.649588292476991847e-02,2.000000000000000164e-05,2.513164408812678108e-01,1.487919947261330414e+10,5.253272899693168796e-01,5.253272899693168796e-01
4.067680659254676034e-01,-1.677372738267203789e-01,6.831767799019617948e-01,7.549904017419152569e-02,2.000000000000000164e-05,5.247207188162070768e-01,2.858499926940604019e+10,5.135426075789655161e-04,5.135426075789655161e-04
-1.029510307240319028e-01,-9.038594854207132601e-01,-4.270823265885011905e-02,1.102695359308006329e-01,2.000000000000000164e-05,1.684129178505067992e-01,1.572943932927691460e+10,1.823121561414375175e-02,1.823121561414375175e-02
-4.520698184792381613e-01,5.281069683102126433e-01,3.861941039614921745e-01,7.083759959709801102e-02,2.000000000000000164e-05,6.352756273602531145e-01,2.222117435975244141e+10,1.365177972556774993e-04,1.365177972556774993e-04
3.195011163008190103e-01,-2.623904685258278136e-01,7.785330918146202706e-01,9.637353361026711196e-02,2.000000000000000164e-05,2.522748430129289066e-01,1.399155688774709892e+10,4.318883242600641270e-01,4.318883242600641270e-01
-6.354577866921655716e-01,2.565536983889767919e-01,4.679351239443824695e-01,7.912020867579479255e-02,2.000000000000000164e-05,4.559207885358988466e-01,1.877052420959644318e+10,2.949627331175045959e-03,2.949627331175045959e-03
-6.443361217369687477e-01,4.911235291146003323e-01,2.419461792041464332e-01,8.543046403705013836e-02,2.000000000000000164e-05,3.621695236467074031e-01,2.512630256671605301e+10,2.606310381532000466e-04,2.606310381532000466e-04
1.852195771109051425e-01,-2.901987561121701642e-01,7.189579684396039116e-01,7.213946737884548155e-02,2.000000000000000164e-05,6.014980791589095155e-01,2.951154145395120239e+10,1.901442647425879767e-03,1.901442647425879767e-03
-4.235647707761915348e-01,-1.977371557148253634e-01,6.389458724405340240e-01,7.060717092364773850e-02,2.000000000000000164e-05,6.415165069413433230e-01,2.480996692881647873e+10,1.008552572401771614e-03,1.008552572401771614e-03
-3.370535302129448185e-01,-3.028260662164676820e-01,6.325930627707452292e-01,6.838957174630774793e-02,2.000000000000000164e-05,7.059663417308839062e-01,3.314724454624966049e+10,2.462081980624561774e-04,2.462081980624561774e-04
3.650498103578582731e-01,7.624705427971819605e-01,2.244178281132637454e-01,9.391141269095155952e-02,2.000000000000000164e-05,2.726426116823117973e-01,1.587522636064637756e+10,4.745822357396474629e-03,4.745822357396474629e-03
-8.139952573442126305e-01,2.842267119801678010e-01,2.044690122793886289e-01,9.966477967401306259e-02,2.000000000000000164e-05,2.280977175516655520e-01,1.367334357860631371e+10,9.993992706964585637e-02,9.993992706964585637e-02
1.315400721780903281e-01,-4.845459144200006119e-01,7.046169777877581142e-01,9.152105229808446540e-02,2.000000000000000164e-05,2.945679922585327515e-01,1.394349478638343048e+10,5.147686768871004848e-01,5.147686768871004848e-01
-6.124421225894113308e-01,6.435201834443659008e-01,4.096507779167495034e-02,9.992919965098846780e-02,2.000000000000000164e-05,2.262917671205336156e-01,1.660884542984986687e+10,3.962209713263617071e-04,3.962209713263617071e-04
6.412720888764642524e-01,5.395648030090889335e-01,2.713189209051150574e-01,9.693699339036959683e-02,2.000000000000000164e-05,2.479010947407006837e-01,1.585528576590263176e+10,2.157639156731360960e-02,2.157639156731360960e-02
-8.335631393894520069e-02,-1.021894733324965054e-01,8.328318036872043306e-01,8.125808380149644738e-02,2.000000000000000164e-05,4.208733738642992939e-01,1.963759565044806671e+10,1.308890809305302688e-02,1.308890809305302688e-02
-1.633688827208269745e-01,8.189565106069078837e-01,2.969917961737587042e-01,9.766883646587679046e-02,2.000000000000000164e-05,2.423699401515620466e-01,1.413284294681681061e+10,4.125674045866821460e-02,4.125674045866821460e-02
-6.037826932396115343e-01,1.892544408542033707e-01,5.752675639880902025e-01,8.828549123789715403e-02,2.000000000000000164e-05,3.281568299405823175e-01,1.433507655939090538e+10,1.307490123919873293e-01,1.307490123919873293e-01
5.225178300402507636e-01,-9.119805879452734521e-02,6.550962766734000908e-01,8.199874620986641327e-02,2.000000000000000164e-05,4.095711808988439229e-01,1.408034479610698891e+10,1.181653017446195886e-01,1.181653017446195886e-01
-7.491753109131301658e-01,-4.316174945374046112e-02,4.631953403484123655e-01,9.947553911451027797e-02,2.000000000000000164e-05,2.294020177214045608e-01,1.482067950298960495e+10,5.321744632527389829e-01,5.321744632527389829e-01
-5.184032535923075447e-01,-3.497963449399429936e-01,4.841358838575877122e-01,7.107408470959482305e-02,2.000000000000000164e-05,6.289559006848615130e-01,2.966932357609727859e+10,1.991013186058750574e-04,1.991013186058750574e-04
1.004151235749528859e-01,1.940870149873246686e-01,8.379390684166255765e-01,9.033290797873599898e-02,2.000000000000000164e-05,3.063450946065875424e-01,1.724241848314754486e+10,1.156104845832340855e-01,1.156104845832340855e-01
8.733989551834686615e-02,-8.908807476794469160e-01,1.913445126654788331e-01,1.120811503764056055e-01,2.000000000000000164e-05,1.603775361579871384e-01,1.306912922371693420e+10,2.476980865743788063e-01,2.476980865743788063e-01
-1.291194116778760503e-01,8.208391766205374029e-01,3.075734864177651628e-01,9.758833096864140411e-02,2.000000000000000164e-05,2.429702944296846800e-01,1.401941585666641235e+10,2.541935406102541206e-02,2.541935406102541206e-02
-8.294480355194870924e-01,2.622447098587561976e-01,7.834516714349003264e-02,9.224092060830542394e-02,2.000000000000000164e-05,2.877253330731404102e-01,1.525664562010348320e+10,1.038814754017626648e-03,1.038814754017626648e-03
-2.718107522395700748e-01,2.855098462108218715e-01,7.683121231684805208e-01,8.920457044745194741e-02,2.000000000000000164e-05,3.181177717175066033e-01,1.337503174839335060e+10,1.866313448995003121e-01,1.866313448995003121e-01
4.594023848806942922e-01,-1.083943673890192111e-01,7.463028654806562745e-01,9.783808466435942042e-02,2.000000000000000164e-05,2.411142543966486584e-01,1.187092949556690788e+10,4.480157390278713958e-01,4.480157390278713958e-01
7.404853519646503734e-01,-3.114476949730031752e-01,4.057918524628056356e-01,1.077461662118177621e-01,2.000000000000000164e-05,1.805251670892612514e-01,1.436080636730858040e+10,9.425040762675486461e-02,9.425040762675486461e-02
-1.114112831655057895e-01,3.448133264945219545e-01,7.408206756193074227e-01,8.100851875278700098e-02,2.000000000000000164e-05,4.247752181637575730e-01,3.218580164363253784e+10,2.664065492235441392e-03,2.664065492235441392e-03
4.291322516544471832e-01,1.772028158161757239e-01,6.212098038098008423e-01,6.849551709870975447e-02,2.000000000000000164e-05,7.026955212188334965e-01,3.342432730303786087e+10,1.443842171909531400e-03,1.443842171909531400e-03
6.360948667319205052e-01,-5.806947589483631988e-01,1.722232321384430109e-01,9.520703757628247443e-02,2.000000000000000164e-05,2.616620016971605844e-01,1.508173097126333237e+10,2.002534518805517555e-02,2.002534518805517555e-02
-6.271053425544655946e-01,-3.032174889720598010e-01,4.095942806523925062e-01,7.365986082134559632e-02,2.000000000000000164e-05,5.650153514933031751e-01,2.412327958133176804e+10,2.145703347014851694e-04,2.145703347014851694e-04
-6.822227267321366861e-01,8.927257918734692044e-02,4.412172560559379231e-01,7.397039686519012169e-02,2.000000000000000164e-05,5.579289133835370063e-01,1.879087052576252747e+10,8.239274212288993232e-03,8.239274212288993232e-03
-2.268071681333352629e-01,6.010125303275321018e-01,5.782289676605280038e-01,9.013075744587119298e-02,2.000000000000000164e-05,3.084110272083195325e-01,1.459359872874347115e+10,1.008727544628355982e-01,1.008727544628355982e-01
7.547197488598138548e-01,-6.916999525008674099e-02,3.302825795911900619e-01,7.811123764820175619e-02,2.000000000000000164e-05,4.738188039947490160e-01,2.143033722650688934e+10,2.395685373947427973e-03,2.395685373947427973e-03
7.957251638154370921e-02,-5.951595221158434423e-01,5.875650284103896004e-01,8.089387743105584672e-02,2.000000000000000164e-05,4.265837547448489975e-01,1.155771542907745743e+10,9.852808260399664730e-02,9.852808260399664730e-02
2.600305226639215705e-01,5.732894630455159790e-01,5.165383231433263722e-01,7.440104898013678858e-02,2.000000000000000164e-05,5.482965074257403204e-01,2.064428699406150436e+10,5.637484515625622826e-04,5.637484515625622826e-04
-7.133129203406157748e-01,6.479062997565357418e-02,4.241289096042569207e-01,7.936726757481740724e-02,2.000000000000000164e-05,4.516763116504610709e-01,1.506527144316332436e+10,9.924290800636623514e-03,9.924290800636623514e-03
4.801821290856466140e-01,6.814277585275159144e-01,1.710869124673475017e-01,8.527813476553010308e-02,2.000000000000000164e-05,3.641138125365147027e-01,1.465274241293800545e+10,3.398650668239922620e-04,3.398650668239922620e-04
7.320614723060805407e-01,-1.911842310395869271e-01,3.158061952897671665e-01,7.745589304902145145e-02,2.000000000000000164e-05,4.859471459255986225e-01,2.310989270495679092e+10,1.901868435919513241e-04,1.901868435919513241e-04
2.890251433060625486e-01,5.029241907438906090e-01,6.312481028978353947e-01,8.778954966820549932e-02,2.000000000000000164e-05,3.337516126082277768e-01,1.178597288995003319e+10,3.887000611244293968e-01,3.887000611244293968e-01
3.734053911567686984e-02,-5.531859156582562553e-01,5.787465550356883925e-01,7.162305574854148371e-02,2.000000000000000164e-05,6.146033033254983957e-01,3.062044730818529510e+10,9.139572455189075772e-04,9.139572455189075772e-04
-8.095506355982915458e-01,-2.213604567955544111e-01,1.538998765634642107e-01,8.555564754724595544e-02,2.000000000000000164e-05,3.605820601960434413e-01,1.642948624168415451e+10,9.365092748602564911e-04,9.365092748602564911e-04
-4.508114294679911316e-01,6.514462475607964986e-01,3.200952876260392821e-01,8.584269750437351076e-02,2.000000000000000164e-05,3.569768262804085546e-01,1.161260208311663437e+10,6.815836112629657800e-03,6.815836112629657800e-03
-5.853092438671948505e-01,2.977551602361365735e-01,5.444347968838108009e-01,8.808118451422694561e-02,2.000000000000000164e-05,3.304475703178333390e-01,1.652563915877754784e+10,4.228215475909395671e-02,4.228215475909395671e-02
-4.135144947060939713e-01,-2.961099185067606610e-01,7.140364346140788410e-01,9.273060478760861147e-02,2.000000000000000164e-05,2.831906708253079108e-01,1.632694479056848907e+10,1.960436123175570144e-01,1.960436123175570144e-01
7.357031833506726404e-01,3.529352900507756186e-01,1.998812364249411555e-01,8.029313164339084430e-02,2.000000000000000164e-05,4.362306874879637308e-01,1.471638891724468231e+10,2.633279453215993143e-04,2.633279453215993143e-04
-4.657237398477060974e-01,-2.140524408504722864e-01,7.107219060033126423e-01,9.379259476705700815e-02,2.000000000000000164e-05,2.736798685088023264e-01,1.437697084062298584e+10,2.179466495503499801e-01,2.179466495503499801e-01
2.020645395774734732e-01,2.241221126383842466e-01,7.431106535915302791e-01,7.265188783534605454e-02,2.000000000000000164e-05,5.888602399232854001e-01,2.398989566437959671e+10,4.454698259630052691e-03,4.454698259630052691e-03
2.013540913920887909e-01,5.444133561957995582e-01,6.384939700483862612e-01,9.027591726553438334e-02,2.000000000000000164e-05,3.069256545675715375e-01,1.777818608713591385e+10,4.114307181443931927e-01,4.114307181443931927e-01
-5.321192966330156038e-01,7.213506979158236243e-01,5.175455554941604808e-02,1.037686709004763119e-01,2.000000000000000164e-05,2.020904625527123744e-01,1.643628623691037941e+10,3.842038160858403731e-03,3.842038160858403731e-03
7.867013616542031240e-01,5.294832220679880630e-02,2.671993746450220253e-01,8.060683093885760708e-02,2.000000000000000164e-05,4.311573536563512721e-01,2.114029896633372879e+10,1.398164647621241924e-03,1.398164647621241924e-03
-2.710071111231082130e-01,8.458946913859437533e-01,5.393099239120185268e-02,9.937776871828579717e-02,2.000000000000000164e-05,2.300797710559360776e-01,1.472553561849411583e+10,5.630605804874152902e-04,5.630605804874152902e-04
-3.415362024323573276e-01,4.109245402115901946e-01,6.263176982858531527e-01,7.807619950635931450e-02,2.000000000000000164e-05,4.744559596319284922e-01,2.439233547055707932e+10,4.024299578245841245e-03,4.024299578245841245e-03
2.418084959823773306e-01,7.699045784100753131e-01,2.816982105949588644e-01,8.635733169675446907e-02,2.000000000000000164e-05,3.506326207999819200e-01,1.177919421094840050e+10,4.479203606045658280e-04,4.479203606045658280e-04
4.187225049380925435e-01,3.765528243200265135e-01,5.897154006987869179e-01,7.706927790036201265e-02,2.000000000000000164e-05,4.932967602882429858e-01,2.697010906691670227e+10,1.295183288005177314e-03,1.295183288005177314e-03
3.491206635521593160e-01,-3.144530288039297794e-01,7.134160911178756281e-01,8.721007703376712494e-02,2.000000000000000164e-05,3.404471735206527905e-01,1.238246144800300026e+10,2.756645781781083895e-02,2.756645781781083895e-02
1.891296062967440239e-01,5.888213572017899633e-01,5.726662231556283178e-01,8.179401776462616458e-02,2.000000000000000164e-05,4.126543592882512823e-01,1.187758777147997665e+10,8.165561413175827232e-02,8.165561413175827232e-02
-5.946411761603878632e-02,3.799350533116404444e-02,7.738462493177994395e-01,6.866746800086388769e-02,2.000000000000000164e-05,6.974298039248468806e-01,3.219943962848402023e+10,3.734068674078485197e-04,3.734068674078485197e-04
-5.706567598379254092e-01,-5.829212749698728935e-01,3.379676318456417694e-01,9.774346583700831148e-02,2.000000000000000164e-05,2.418151793883127898e-01,1.634920412078618813e+10,1.089983735468725012e-01,1.089983735468725012e-01
-4.086622075771003115e-01,-7.329765998675848993e-01,3.122016458942371009e-01,1.047202918268199667e-01,2.000000000000000164e-05,1.966308677046232078e-01,1.510603151577931213e+10,5.930572525034635140e-02,5.930572525034635140e-02
-3.949944802737074268e-01,5.056907076268766232e-01,5.729557270766165722e-01,8.980405099799292079e-02,2.000000000000000164e-05,3.117893433171359807e-01,1.352649061384044075e+10,2.217746359003141265e-01,2.217746359003141265e-01
2.687075402466846188e-02,4.468454429691665619e-01,6.299898893930379051e-01,6.833321461282969300e-02,2.000000000000000164e-05,7.077145137620866056e-01,3.323508783107862091e+10,2.334121129826342150e-04,2.334121129826342150e-04
1.102171667513594938e-01,-3.112524485042582056e-01,7.088496442561010857e-01,6.841730200170871579e-02,2.000000000000000164e-05,7.051082994420106997e-01,2.711143402910694885e+10,5.299269609772258626e-04,5.299269609772258626e-04
-3.604120367742013054e-01,-6.793384295222403280e-01,4.254485524383322392e-01,9.623163706016359120e-02,2.000000000000000164e-05,2.533925631546847801e-01,1.327561442632337761e+10,1.005083347099118979e-01,1.005083347099118979e-01
1.947540178640685682e-01,3.440422279240919479e-01,6.628160760339414370e-01,6.482878520400903177e-02,2.000000000000000164e-05,8.288015148397996912e-01,2.546780636102475739e+10,1.873054355632703977e-04,1.873054355632703977e-04
-5.042459089254589522e-01,-2.139511126761237947e-01,6.432963138590096497e-01,8.256290254893897118e-02,2.000000000000000164e-05,4.012324347840157124e-01,1.313085742154729843e+10,4.631664081482946005e-02,4.631664081482946005e-02
-5.262902920622561931e-01,4.130655230542573109e-01,5.710479592126004311e-01,9.842076361779728000e-02,2.000000000000000164e-05,2.368570659322853100e-01,1.449334226470100212e+10,8.972569689181231212e-02,8.972569689181231212e-02
-2.706895914742323273e-01,-7.535616353230133457e-01,2.926599715359363696e-01,8.521608500371585793e-02,2.000000000000000164e-05,3.649129975776596035e-01,1.453516865124381638e+10,9.171814188839867710e-03,9.171814188839867710e-03
5.354330911074902527e-02,-7.284116081264070397e-01,3.383137516058458694e-01,7.371565265797354327e-02,2.000000000000000164e-05,5.637333874291112767e-01,3.314030175062812424e+10,1.322046514217585511e-03,1.322046514217585511e-03
-7.625854718270244637e-02,5.338968739586709145e-01,6.238468910144054913e-01,7.955456791711566777e-02,2.000000000000000164e-05,4.484935469799410934e-01,2.808314006957582855e+10,2.355064940269296914e-03,2.355064940269296914e-03
7.254003002347905738e-02,5.008869822315847875e-01,6.673535523812423875e-01,8.265753690098837092e-02,2.000000000000000164e-05,3.998558816441478148e-01,2.297768808567986679e+10,1.937000889356756822e-02,1.937000889356756822e-02
-1.543757419238882822e-01,8.689314108037822226e-01,1.666637319150775579e-02,9.566927730542645891e-02,2.000000000000000164e-05,2.578873914807128243e-01,1.185966273191076851e+10,1.587288031463759996e-04,1.587288031463759996e-04
9.297549556769389711e-02,7.017955648935867430e-01,3.877708469384840706e-01,7.486365465130352670e-02,2.000000000000000164e-05,5.381950569317804911e-01,2.395597917403725052e+10,6.263815379538090677e-04,6.263815379538090677e-04
-2.051751717555509169e-01,-1.359523193820751374e-01,7.817895366248071021e-01,7.592669501616267080e-02,2.000000000000000164e-05,5.159039432387123592e-01,2.105847337535411835e+10,1.003669159425887858e-02,1.003669159425887858e-02
3.175145576366559808e-01,6.038205907629373703e-01,4.826171910533039178e-01,7.925387277033318911e-02,2.000000000000000164e-05,4.536178690241253197e-01,1.928166158902334976e+10,7.734191153565491555e-03,7.734191153565491555e-03
-2.423450679747563841e-01,3.157934218306710505e-01,6.866133861546305228e-01,7.324418866298075537e-02,2.000000000000000164e-05,5.746901763011603714e-01,3.092389544581782913e+10,3.491385818165658548e-03,3.491385818165658548e-03
7.067846187193466134e-02,3.430543604770054933e-01,8.242150554541894936e-01,1.030906139178977277e-01,2.000000000000000164e-05,2.061044884999939930e-01,1.434611856191382408e+10,1.967939817902923938e-01,1.967939817902923938e-01
7.510472955018286656e-02,-5.251215746195939671e-01,6.282054928997298227e-01,7.720048712390346901e-02,2.000000000000000164e-05,4.907857836848782407e-01,2.283400328053540421e+10,3.717017782868534820e-02,3.717017782868534820e-02
1.336326191841884781e-01,-6.512702049173465513e-01,5.243385033396780193e-01,8.301063584765895620e-02,2.000000000000000164e-05,3.947749317295866645e-01,1.435287932816357803e+10,4.259841582151775025e-02,4.259841582151775025e-02
7.076148124806963535e-01,4.456657140056979882e-01,1.826897165032240478e-01,8.687905550501087704e-02,2.000000000000000164e-05,3.443535451331224406e-01,1.283049070255890846e+10,2.516544243700647668e-03,2.516544243700647668e-03
7.481325333845815218e-01,-2.329921844432508715e-01,4.064146757846441860e-01,9.887381736201797389e-02,2.000000000000000164e-05,2.336159235088676733e-01,2.096569372305793762e+10,4.560662972775296475e-02,4.560662972775296475e-02
1.311666287546738550e-02,-2.510577942301451815e-01,8.707661987941064385e-01,1.044959064977923902e-01,2.000000000000000164e-05,1.979003118810301609e-01,1.400955470728204155e+10,4.956015574632888221e-01,4.956015574632888221e-01
-9.869480722196928568e-02,6.569894146449508643e-01,4.524394728016623013e-01,7.398650292528997918e-02,2.000000000000000164e-05,5.575649070702807242e-01,2.741197357378109741e+10,3.895120529898014644e-04,3.895120529898014644e-04
3.648166620094192014e-01,2.934496564935881735e-01,6.834241068203308345e-01,8.029047057810363708e-02,2.000000000000000164e-05,4.362740692150680610e-01,2.336324897494454193e+10,9.489474256518368525e-03,9.489474256518368525e-03
1.189265441682195446e-01,-4.781997435242626437e-01,5.885322127558006988e-01,6.571685843907727753e-02,2.000000000000000164e-05,7.956529478673313172e-01,2.972960238064665604e+10,7.161578065093148794e-04,7.161578065093148794e-04
-6.792597090090451983e-01,-7.999235390705301818e-02,4.015044811245774836e-01,7.037360726351075957e-02,2.000000000000000164e-05,6.479261560787190621e-01,2.507779724504332352e+10,8.990083666175226586e-04,8.990083666175226586e-04
-3.859677523746888328e-01,4.132684589726135505e-01,5.346347295838266289e-01,6.737156029870200458e-02,2.000000000000000164e-05,7.384549260801405168e-01,2.132705121266630936e+10,3.350688618597266505e-04,3.350688618597266505e-04
2.174318530871940103e-01,1.309421684319875545e-01,7.990434287466212648e-01,7.940017102663229909e-02,2.000000000000000164e-05,4.511150260133345302e-01,1.742357820092247009e+10,4.523800256680132748e-02,4.523800256680132748e-02
6.679069325698180348e-01,-5.242848582922137179e-01,2.099821878192716651e-01,9.425338931535658105e-02,2.000000000000000164e-05,2.696854117647804472e-01,1.400169675591548920e+10,2.519151953285748285e-02,2.519151953285748285e-02
-6.878417214393958146e-01,2.718770640904202285e-01,3.235630599644622185e-01,7.280167558074868150e-02,2.000000000000000164e-05,5.852329778072777877e-01,2.125549029410324097e+10,3.522816737812203489e-04,3.522816737812203489e-04
5.678686800481663743e-01,6.121095684770542222e-01,2.995579921267644274e-01,9.812209370688698695e-02,2.000000000000000164e-05,2.390265807606099524e-01,1.479941511768454552e+10,8.611552177982223499e-02,8.611552177982223499e-02
-4.266784050029434061e-01,2.928577538684123405e-01,5.835408058705883194e-01,7.060859737372270073e-02,2.000000000000000164e-05,6.414761860153666007e-01,3.480613066134363556e+10,1.635589756190893224e-04,1.635589756190893224e-04
-5.903719134297735760e-01,-4.602930423326117015e-01,4.213453508898309385e-01,8.785447440414458076e-02,2.000000000000000164e-05,3.330104959935455966e-01,1.929640562817123032e+10,1.598872985071343039e-02,1.598872985071343039e-02
-4.024021960809347903e-02,5.972945015960338111e-01,6.314015920672544357e-01,9.204848060915543639e-02,2.000000000000000164e-05,2.895333164257600789e-01,1.569929806392658043e+10,4.573861083948809608e-02,4.573861083948809608e-02
-3.333894536497195027e-02,3.345023583224095431e-01,7.159248221825015301e-01,7.297342196661592284e-02,2.000000000000000164e-05,5.811110102480884221e-01,3.298080531221010590e+10,5.954324708038648750e-04,5.954324708038648750e-04
2.468274373796535415e-01,2.923320407635610074e-01,7.089687622964712110e-01,7.255543697589440788e-02,2.000000000000000164e-05,5.912117637924468871e-01,2.194946747744332123e+10,2.270604950378923848e-03,2.270604950378923848e-03
-3.574598111429013597e-02,-8.280089574916958961e-01,1.313473711900975116e-01,7.993616438316969441e-02,2.000000000000000164e-05,4.421010654790274996e-01,1.614026968734749985e+10,4.428436014584231071e-04,4.428436014584231071e-04
-1.098267022747162654e-03,-9.018375694079887317e-02,7.918865583768560645e-01,7.292473816810281229e-02,2.000000000000000164e-05,5.822753027450098262e-01,3.315009850308789444e+10,2.259125186488348050e-03,2.259125186488348050e-03
5.473447636518680159e-01,-1.708411740960771308e-01,5.919711929270751183e-01,7.721325016875146829e-02,2.000000000000000164e-05,4.905424191973111747e-01,2.280332447911392593e+10,4.534420085846412388e-03,4.534420085846412388e-03
3.704217734230041414e-01,8.014152375379193227e-01,2.797150932777478505e-02,9.936701606327534575e-02,2.000000000000000164e-05,2.301544827601657572e-01,1.477758764280246544e+10,1.323777419405565989e-03,1.323777419405565989e-03
4.535896517659688820e-01,4.054893394629056069e-01,5.207887882855974926e-01,7.367358410173345529e-02,2.000000000000000164e-05,5.646997753842907253e-01,2.577348237714537811e+10,3.658201260181407374e-04,3.658201260181407374e-04
1.174810995966650423e-01,6.381715291912009036e-01,5.654539275678890364e-01,8.742653357149260396e-02,2.000000000000000164e-05,3.379246796304603562e-01,1.257051283216223335e+10,1.129930626592888093e-01,1.129930626592888093e-01
6.418220103964800138e-01,-3.717647112436616719e-01,4.376618730685220560e-01,9.116099365104327057e-02,2.000000000000000164e-05,2.980722328839319202e-01,1.323866373969565010e+10,2.460639110436293325e-02,2.460639110436293325e-02
1.384893305381139639e-01,4.111327059170446496e-01,7.679327616979524374e-01,9.871501855310955975e-02,2.000000000000000164e-05,2.347452160200886040e-01,1.326785396427057076e+10,5.232668223489931325e-01,5.232668223489931325e-01
2.311584805578578428e-01,-5.905853331249348859e-01,5.776779884259781728e-01,8.888640904027932110e-02,2.000000000000000164e-05,3.215460779826147530e-01,1.390624192491300011e+10,1.009422215113327803e-01,1.009422215113327803e-01
-5.371102102112454979e-01,-2.066283889571793320e-01,5.616479046936706521e-01,7.062600596036207323e-02,2.000000000000000164e-05,6.410026853852779372e-01,2.125288678228671265e+10,5.103837671717661052e-04,5.103837671717661052e-04
-3.494690915291759903e-01,-9.028581971540861062e-02,6.907802159063117786e-01,6.848814592278668067e-02,2.000000000000000164e-05,7.029224346933443668e-01,2.980636244730082321e+10,1.172657754829240200e-04,1.172657754829240200e-04
4.928602927523680899e-01,-1.228201531567660598e-01,5.792384177618199459e-01,6.524312285775422937e-02,2.000000000000000164e-05,8.131111317123214111e-01,2.241242591172139740e+10,1.087206746446313409e-04,1.087206746446313409e-04
-7.351725137616736960e-01,4.283896239014128859e-01,1.190326522742748139e-01,8.634471412140287683e-02,2.000000000000000164e-05,3.507863598281240614e-01,2.007192094428158569e+10,8.434039966954259013e-04,8.434039966954259013e-04
3.797812437179239747e-02,-1.534077968553450022e-01,8.263630927659105785e-01,8.239562031654440455e-02,2.000000000000000164e-05,4.036812153456430519e-01,2.347562461271956253e+10,2.462137798097911376e-02,2.462137798097911376e-02
-2.988800733387785846e-01,-7.730971461015287982e-01,2.159446860250628375e-01,8.594464107683597032e-02,2.000000000000000164e-05,3.557080240543596394e-01,1.627623465390312004e+10,3.266553779574544319e-02,3.266553779574544319e-02
5.273334879206637016e-01,-3.470976278123076297e-01,4.854611634578152035e-01,7.147289565620168483e-02,2.000000000000000164e-05,6.184854425896560981e-01,2.670891846252136230e+10,1.721863109249958002e-04,1.721863109249958002e-04
8.801755912185681152e-02,5.462209027910485543e-02,7.450377480547289988e-01,6.459109147384416161e-02,2.000000000000000164e-05,8.379874551934090032e-01,4.709765604902092743e+10,1.725101096885323863e-04,1.725101096885323863e-04
-7.170131300811984909e-01,1.791542764510517527e-01,3.989087966981367805e-01,8.101971989485165504e-02,2.000000000000000164e-05,4.245990601494794570e-01,1.388146605149984360e+10,4.350285964018890672e-02,4.350285964018890672e-02
1.176934002822838804e-01,6.917322821255690313e-01,4.763555564816203680e-01,8.429230834629702906e-02,2.000000000000000164e-05,3.770393141693284544e-01,2.092089191705332184e+10,3.915385783064282560e-02,3.915385783064282560e-02
-2.244656768926009682e-01,6.205025453993426865e-01,5.475842334064736638e-01,8.714205194459957726e-02,2.000000000000000164e-05,3.412450928025247410e-01,1.490938264799838066e+10,4.385487841554826932e-02,4.385487841554826932e-02
1.689511449861112458e-01,7.068396332023429984e-02,8.269548093022787150e-01,8.167794783662692126e-02,2.000000000000000164e-05,4.144161178919524291e-01,1.107797762199655342e+10,6.391479137602312788e-02,6.391479137602312788e-02
-7.100165142481056346e-01,1.890887320208747835e-02,3.660066778873895532e-01,7.227209268123357955e-02,2.000000000000000164e-05,5.981929542897796992e-01,2.625755550833423615e+10,2.762954918507687417e-04,2.762954918507687417e-04
2.695337802083705436e-01,-3.177835680562518528e-01,7.296727549526801360e-01,8.218480817421552898e-02,2.000000000000000164e-05,4.067956848727778962e-01,2.317077015188927078e+10,5.086197638202449856e-02,5.086197638202449856e-02
3.763328456026188706e-01,-2.234964604740116711e-01,6.850168477533503664e-01,7.714808842215226115e-02,2.000000000000000164e-05,4.917864937215671861e-01,3.555551297511270905e+10,1.598148742841059081e-02,1.598148742841059081e-02
6.984678586649540888e-01,2.259673328240882628e-01,3.671121051379875877e-01,7.672275162609028254e-02,2.000000000000000164e-05,5.000111318767429536e-01,2.673803144902486801e+10,1.669765069431331645e-04,1.669765069431331645e-04
-7.561761371431928724e-01,3.874988692381438615e-01,1.789358219345335010e-01,9.120148030518315796e-02,2.000000000000000164e-05,2.976757480675546463e-01,1.344544722608260345e+10,5.068530149721805177e-03,5.068530149721805177e-03
-2.355252566938282055e-01,6.897811801330933079e-01,4.909905122283795831e-01,9.593177909971399575e-02,2.000000000000000164e-05,2.557761021821097214e-01,1.326837688495816803e+10,7.116990196758347931e-02,7.116990196758347931e-02
6.236318047313152979e-01,-3.284468349914625440e-01,3.757630676962429583e-01,7.286345174868830155e-02,2.000000000000000164e-05,5.837460984092525118e-01,2.882096671600438309e+10,1.873812296579815159e-04,1.873812296579815159e-04
4.780488605336751240e-01,-5.775082174692278691e-01,4.922681480570260115e-01,1.059698624426779756e-01,2.000000000000000164e-05,1.897564921508883284e-01,1.446887281578242493e+10,2.584781733331276699e-01,2.584781733331276699e-01
7.682621638323827717e-02,1.212651180592310696e-01,8.110279913090129300e-01,7.745003561675481429e-02,2.000000000000000164e-05,4.860569656440088537e-01,2.457571720637989044e+10,1.757695036090083096e-02,1.757695036090083096e-02
2.056059202581735634e-01,6.268146659406418353e-01,5.553299450447302110e-01,8.823729303179482508e-02,2.000000000000000164e-05,3.286948849423645957e-01,1.333144797143862343e+10,5.046553720818527933e-02,5.046553720818527933e-02
-3.070501618238756225e-01,-1.806279854569720622e-01,7.288225119185175460e-01,7.406977008431749054e-02,2.000000000000000164e-05,5.556863356413446198e-01,2.268081046780736542e+10,7.827593377901474747e-03,7.827593377901474747e-03
7.290773185632341002e-01,2.610563718890674401e-01,3.756267557106357513e-01,8.964601158543350490e-02,2.000000000000000164e-05,3.134412691330234479e-01,1.255812112618142319e+10,1.032050294736080662e-02,1.032050294736080662e-02
6.201807319837715493e-01,2.742328040391409094e-01,4.989735528127975939e-01,8.501522497988726890e-02,2.000000000000000164e-05,3.675023943854766606e-01,2.233555348529087067e+10,7.674766643283861475e-03,7.674766643283861475e-03
4.263010166685584634e-01,-3.315875018534916729e-01,5.946440867708958633e-01,7.432161024710391695e-02,2.000000000000000164e-05,5.500572812185994254e-01,2.695248083107413864e+10,5.035465275123798129e-04,5.035465275123798129e-04
6.968076406664098776e-01,-4.828706064844445756e-01,6.923011105799867226e-02,8.644528874541844432e-02,2.000000000000000164e-05,3.495633985364209884e-01,2.464938818479567719e+10,1.479854150120422560e-04,1.479854150120422560e-04
-2.807967380160037996e-01,-7.272887883644467699e-01,3.645401480044544451e-01,8.858195501128557359e-02,2.000000000000000164e-05,3.248729847673119675e-01,1.433891367757584953e+10,2.566172647853997776e-02,2.566172647853997776e-02
5.136518124193039103e-01,2.923457960865539773e-01,5.371127270479059135e-01,7.409666999254949094e-02,2.000000000000000164e-05,5.550817680692690104e-01,3.125197077397414017e+10,2.268834065884259212e-04,2.268834065884259212e-04
-7.056334911706856061e-02,-6.672999287248435607e-01,4.555713155282496984e-01,7.227423544162824010e-02,2.000000000000000164e-05,5.981397489078851271e-01,2.173501272485490799e+10,6.917452832371238057e-03,6.917452832371238057e-03
-5.572130295191523031e-01,-1.189601654816410253e-01,6.728532636862070149e-01,9.827363428978522220e-02,2.000000000000000164e-05,2.379225058886683397e-01,1.526440060682437897e+10,5.012663654733183760e-01,5.012663654733183760e-01
2.281029938053389661e-01,-5.993861215328668557e-01,5.086653029823292593e-01,7.569562784256610166e-02,2.000000000000000164e-05,5.206429889841628356e-01,1.865193135018741989e+10,3.709369169960394404e-03,3.709369169960394404e-03
-3.871671682700996708e-01,1.355361152879210607e-01,7.149586347629174332e-01,7.768307306303885718e-02,2.000000000000000164e-05,4.816957277529043679e-01,2.606595118495649719e+10,2.456644272178450800e-03,2.456644272178450800e-03
-1.441885551827702949e-01,-1.685776252384546814e-01,7.312875176353454965e-01,6.517959265503497912e-02,2.000000000000000164e-05,8.154910721060297796e-01,2.927137142809935379e+10,1.552002150047579530e-04,1.552002150047579530e-04
3.568048126567196499e-01,6.744680007628744978e-01,3.259546801722026932e-01,7.866919085114082444e-02,2.000000000000000164e-05,4.638074360595376144e-01,1.946755601797959137e+10,1.504623188427628606e-03,1.504623188427628606e-03
1.847224227587521694e-01,-3.115383788622608785e-01,7.751434640180320246e-01,8.582849733581089657e-02,2.000000000000000164e-05,3.571540412947417087e-01,1.343302132295042610e+10,6.024956466642226310e-02,6.024956466642226310e-02
-4.747888204096308851e-01,3.905537058860826249e-01,5.258954469731557113e-01,7.458359677374959418e-02,2.000000000000000164e-05,5.442804795436886334e-01,2.391045476275865555e+10,2.301044124574530027e-04,2.301044124574530027e-04
4.985247071730153912e-01,-3.248253493945416071e-01,5.319434098091599949e-01,7.302209693963129800e-02,2.000000000000000164e-05,5.799494822276840544e-01,2.980415144378322983e+10,3.480667004101272604e-04,3.480667004101272604e-04
2.126249090783724482e-01,-8.127363507718369240e-01,2.060914554996759462e-01,8.955543339377398937e-02,2.000000000000000164e-05,3.143933118703459706e-01,1.385516083705191422e+10,3.592249136598871587e-03,3.592249136598871587e-03
-1.418595418460929791e-01,-7.624989752133786158e-01,3.622140098049910772e-01,8.631340454256893058e-02,2.000000000000000164e-05,3.511701897980709641e-01,1.438415665754817200e+10,2.439432555070245728e-02,2.439432555070245728e-02
-3.445170370699799922e-01,-7.798840563634353851e-01,8.563518486320580159e-02,8.646963142801165902e-02,2.000000000000000164e-05,3.492682528634683536e-01,1.978800641756323242e+10,1.918969860702140280e-04,1.918969860702140280e-04
7.512822029222994136e-01,9.916841869653975072e-02,4.247794265671234193e-01,9.241833952997821622e-02,2.000000000000000164e-05,2.860709949424032894e-01,1.409527856321111298e+10,9.959671154910640367e-02,9.959671154910640367e-02
-3.606633556034430366e-01,-2.109369094605610950e-01,7.651825321647358624e-01,9.087598355092130209e-02,2.000000000000000164e-05,3.008855834206737301e-01,1.222990219653685379e+10,4.337513180349671926e-01,4.337513180349671926e-01
6.256838898803680493e-01,-5.613921810854432398e-02,5.666513475601749894e-01,8.305295563328927988e-02,2.000000000000000164e-05,3.941717492722277005e-01,1.823425080870048523e+10,5.232587881570784777e-02,5.232587881570784777e-02
5.352209136021578439e-01,6.156666544843358846e-01,3.600835251222891387e-01,9.949411705989565091e-02,2.000000000000000164e-05,2.292735360547848156e-01,1.457845990512439728e+10,5.632549656850862480e-02,5.632549656850862480e-02
-5.576832256475995342e-01,2.601564412178550834e-01,6.190999868808165774e-01,9.656496605297176794e-02,2.000000000000000164e-05,2.507774624485359927e-01,1.595524138541358376e+10,7.658451752487571706e-02,7.658451752487571706e-02
4.282031275825156080e-01,-1.212525075851677153e-01,6.887835170727364398e-01,7.666276051238588018e-02,2.000000000000000164e-05,5.011858721064490485e-01,2.333438548135628128e+10,4.746878213802246255e-03,4.746878213802246255e-03
8.509180718918938346e-01,-1.175491618968989987e-02,2.040796816592916618e-01,9.776872041821964288e-02,2.000000000000000164e-05,2.416278503943418976e-01,1.463344386244261551e+10,6.458618039606682688e-03,6.458618039606682688e-03
8.458275922728623886e-02,-4.140858996607792858e-02,8.734328488781754052e-01,9.236765562172292998e-02,2.000000000000000164e-05,2.865423052575472029e-01,1.261420372294027519e+10,1.000000000000000000e+00,1.000000000000000000e+00
-3.438483111914025780e-02,5.579217016133647400e-01,6.986895461029384302e-01,1.033147374503081140e-01,2.000000000000000164e-05,2.047660337930316821e-01,1.387329837178267670e+10,2.247800524293693536e-01,2.247800524293693536e-01
-6.913660327828795304e-02,8.655751532463384912e-02,8.174235455209608592e-01,7.800602095080366727e-02,2.000000000000000164e-05,4.757376601340541633e-01,2.392009995293806076e+10,3.391194720906490906e-02,3.391194720906490906e-02
4.376439623732542028e-01,6.872656082850456816e-01,2.405380388341978870e-01,8.451013818062029503e-02,2.000000000000000164e-05,3.741312532337665031e-01,1.309135332447103691e+10,1.180095823961600267e-02,1.180095823961600267e-02
-1.910907372246472002e-01,-7.272730200699977221e-01,3.673030005154865330e-01,7.884629545971548470e-02,2.000000000000000164e-05,4.606901586405500737e-01,1.157654943850815964e+10,3.353752909960310870e-03,3.353752909960310870e-03
3.813927814528193100e-02,5.360536949210263913e-01,5.681587313410760842e-01,6.889938886498617188e-02,2.000000000000000164e-05,6.904106113522106014e-01,2.770060444091550446e+10,1.300950622118252846e-04,1.300950622118252846e-04
5.007270614757579619e-01,3.247733417467023043e-01,6.430020403921961059e-01,9.539561577058196240e-02,2.000000000000000164e-05,2.601133309200941990e-01,1.360041821995825577e+10,6.059019942043355339e-02,6.059019942043355339e-02
3.019369261660354020e-01,1.902931881950887250e-01,7.019108889527254647e-01,6.936993372879503295e-02,2.000000000000000164e-05,6.764582920022120804e-01,2.672063668130995178e+10,1.650899949983545330e-03,1.650899949983545330e-03
-4.456936797591481980e-01,2.305748122439448267e-01,6.084823440192705934e-01,7.117997828272301652e-02,2.000000000000000164e-05,6.261518093684618202e-01,3.037771249153169632e+10,4.931498353369804860e-04,4.931498353369804860e-04
3.356571601210340261e-01,-7.876553740526101022e-01,2.254570925917924462e-01,9.873694337246734232e-02,2.000000000000000164e-05,2.345888612530716011e-01,1.410174236897282028e+10,2.412072454340778369e-02,2.412072454340778369e-02
-7.541498229576453216e-01,3.109971274670978447e-01,2.970649739561301850e-01,9.274680138815559471e-02,2.000000000000000164e-05,2.830423379580589982e-01,1.374189733999816704e+10,2.651207138965015753e-02,2.651207138965015753e-02
-8.789700547778116491e-01,8.687579569509755462e-02,1.781840688052228894e-01,1.060130953435242801e-01,2.000000000000000164e-05,1.895244294048759048e-01,1.721719764489509201e+10,7.714116418435942868e-02,7.714116418435942868e-02
3.633272982410198915e-02,-1.233717350347046798e-01,7.459028478890891156e-01,6.606042212470911168e-02,2.000000000000000164e-05,7.833033318226314545e-01,4.393946050773378754e+10,1.776975884221340869e-04,1.776975884221340869e-04
-1.599244826861645208e-01,6.633700978529586401e-01,5.245798065281267464e-01,8.907868566907140018e-02,2.000000000000000164e-05,3.194690642151339355e-01,1.939529861670944214e+10,5.727148320105722445e-02,5.727148320105722445e-02
-2.246939515623894990e-01,-4.710787896955058451e-02,8.347669826738071119e-01,8.864289231438260419e-02,2.000000000000000164e-05,3.242034340189757224e-01,1.749636414509606171e+10,2.296397626258695757e-01,2.296397626258695757e-01
6.511991264963782333e-01,1.075789271366635672e-02,5.822323916870606464e-01,9.441509639591701142e-02,2.000000000000000164e-05,2.683021376529385327e-01,1.367969588538256454e+10,2.940632586730801967e-01,2.940632586730801967e-01
2.599334125103406334e-01,6.529098376243143154e-01,4.215712031927437153e-01,7.632854717272088974e-02,2.000000000000000164e-05,5.077983283809021087e-01,2.108017063539286041e+10,2.657344708508021418e-04,2.657344708508021418e-04
-1.032918571443893624e-01,5.014765887240417719e-01,7.173292707093431586e-01,9.766099739280449665e-02,2.000000000000000164e-05,2.424283071138627621e-01,1.694222522362775040e+10,1.058365212281198176e-01,1.058365212281198176e-01
7.134924254872740956e-01,9.921605632523651519e-02,5.070929915546433797e-01,9.764465255713826453e-02,2.000000000000000164e-05,2.425500820203385366e-01,1.533110987874380302e+10,4.533270273558018260e-01,4.533270273558018260e-01
-1.286400751559355071e-01,3.123818528053546317e-01,6.987688127497608814e-01,7.063215539393989661e-02,2.000000000000000164e-05,6.408365937317782590e-01,3.623215230435897064e+10,2.339479217179547019e-04,2.339479217179547019e-04
2.788148097631715228e-01,-4.246066593832959479e-01,7.054412147691629942e-01,9.268511067545315285e-02,2.000000000000000164e-05,2.836078932259807894e-01,1.226995254710128212e+10,2.426819180742520454e-01,2.426819180742520454e-01
-4.018411628745117148e-01,7.028705801747398008e-02,7.435496320297159123e-01,8.385922775018529729e-02,2.000000000000000164e-05,3.829111421785674207e-01,2.331530022399246597e+10,9.284874865567493973e-02,9.284874865567493973e-02
3.573771288467850193e-01,3.507710799633410037e-01,6.211290460515319634e-01,7.295988141922127301e-02,2.000000000000000164e-05,5.814341932571747140e-01,2.490075329110054398e+10,8.303413900934570593e-04,8.303413900934570593e-04
3.469126689097634664e-02,5.027346204567820775e-01,6.406734198436941918e-01,7.681698135421269336e-02,2.000000000000000164e-05,4.981733190478110362e-01,2.450149087896868515e+10,1.051119287091892675e-03,1.051119287091892675e-03
-6.751924847631678162e-02,-3.137034726703513132e-01,6.992019859016959105e-01,6.737673796931470394e-02,2.000000000000000164e-05,7.382846900982426019e-01,4.260663296714286041e+10,1.965107990288010240e-04,1.965107990288010240e-04
-9.871824580728574827e-02,7.213875721293285803e-01,5.188565436773699968e-01,1.022926545726341729e-01,2.000000000000000164e-05,2.109656622023160233e-01,1.476921586984140587e+10,1.260289862682994200e-01,1.260289862682994200e-01
-4.430902108564296893e-01,-1.537441730480114677e-01,7.428196241351247009e-01,9.425307001579591448e-02,2.000000000000000164e-05,2.696882467328113875e-01,1.462750905452036285e+10,2.178016955627138929e-01,2.178016955627138929e-01
5.962643563343995590e-01,3.682651648252500132e-01,4.228270843903504383e-01,7.547993004758316027e-02,2.000000000000000164e-05,5.251194154657636837e-01,1.884662808599039078e+10,2.758417552876672816e-03,2.758417552876672816e-03
-2.716936201566118592e-01,-1.801075725027126984e-01,7.738006636040409836e-01,8.061476470689198093e-02,2.000000000000000164e-05,4.310300631581671094e-01,2.468730897385929489e+10,4.203909957810380432e-02,4.203909957810380432e-02
4.081634753739054600e-01,2.942030265198202765e-01,7.326149774677548354e-01,9.995225647923412782e-02,2.000000000000000164e-05,2.261351829918863965e-01,1.591246928811005592e+10,2.518143953918595690e-01,2.518143953918595690e-01
-4.668057458895753520e-01,7.709852985303112805e-01,-2.982606860632136189e-02,1.063190906184692530e-01,2.000000000000000164e-05,1.878926799638079015e-01,1.447524469978465652e+10,6.103033213642043188e-04,6.103033213642043188e-04
-8.175514232291736239e-01,3.803455166979261559e-01,1.458805511061718116e-02,1.034526566161179523e-01,2.000000000000000164e-05,2.039481466108947760e-01,1.433230811225063324e+10,4.182030701774644421e-02,4.182030701774644421e-02
3.487715492013124807e-01,4.414035465007616899e-01,5.375643553617502901e-01,6.839180910517562995e-02,2.000000000000000164e-05,7.058970593427145168e-01,2.972369022611249542e+10,1.695496516620141581e-04,1.695496516620141581e-04
3.803177300952041984e-01,7.827450424636790416e-01,-1.091375590111773666e-02,9.354244144907823688e-02,2.000000000000000164e-05,2.758810540515170828e-01,1.644731696880672073e+10,1.034318145018200545e-04,1.034318145018200545e-04
4.643098888230735022e-01,-7.929149338178426371e-04,7.545235091438781128e-01,9.908404988507586719e-02,2.000000000000000164e-05,2.321320043147741818e-01,1.453677090881519508e+10,5.392776107514489770e-01,5.392776107514489770e-01
5.969829272983617763e-01,6.351789485029833981e-01,2.401548710855358204e-01,1.064595417487881474e-01,2.000000000000000164e-05,1.871506895745781163e-01,1.383106543954991913e+10,9.298470995766749958e-02,9.298470995766749958e-02
-1.916464299397054316e-01,-1.253787220797501767e-01,8.451955987111747781e-01,9.166954672625625411e-02,2.000000000000000164e-05,2.931387792250425561e-01,1.382998612789273071e+10,1.000000000000000000e+00,1.000000000000000000e+00
-1.462501222961715419e-01,1.597913538847150206e-01,8.347377214786084743e-01,8.809333075091198284e-02,2.000000000000000164e-05,3.303090099294294646e-01,1.687292684420860863e+10,8.999409550085488152e-02,8.999409550085488152e-02
3.966711317665566616e-01,6.500988518376035752e-02,7.659323323431440622e-01,8.949961015448422430e-02,2.000000000000000164e-05,3.149819759154457999e-01,1.771665798727188110e+10,5.076648955272720087e-01,5.076648955272720087e-01
2.938106727050702333e-02,-6.601829798105833813e-01,4.645464188607945633e-01,7.130085552199730281e-02,2.000000000000000164e-05,6.229731724133072968e-01,1.853790742671492004e+10,1.206214358683544178e-03,1.206214358683544178e-03
9.297084686074791327e-02,-4.412208553138295408e-01,6.323690789606734031e-01,6.672567784483154907e-02,2.000000000000000164e-05,7.601073365541677340e-01,2.435574314829735184e+10,8.916365384779066997e-04,8.916365384779066997e-04
-2.002723005323639172e-01,4.135206161194800861e-02,7.841152105503270686e-01,7.537155342466619889e-02,2.000000000000000164e-05,5.273878453847418157e-01,2.733309674600752258e+10,4.434668776550514113e-03,4.434668776550514113e-03
7.919846631386557867e-01,-3.397433271346488315e-01,9.833855423611875812e-02,9.160393346171460949e-02,2.000000000000000164e-05,2.937691438457597504e-01,1.446556624579207230e+10,1.662614086485473598e-04,1.662614086485473598e-04
-3.662637697584232299e-01,-2.344786690292708364e-01,7.401759402386393072e-01,8.613405770434433284e-02,2.000000000000000164e-05,3.533664388065251849e-01,1.901918709174772263e+10,1.859297191381334424e-01,1.859297191381334424e-01
-3.940316524095564543e-01,1.684574939327965551e-02,6.409304626574877650e-01,6.346465086101843456e-02,2.000000000000000164e-05,8.834026389569704651e-01,2.756648996752970886e+10,1.100647995560691755e-04,1.100647995560691755e-04
-1.449008341047820503e-01,8.531436252204713799e-01,2.294687948630617647e-01,1.024608144195171266e-01,2.000000000000000164e-05,2.099286181938354034e-01,1.484202167070128822e+10,4.029124652521287597e-02,4.029124652521287597e-02
-2.497092557055528017e-01,6.024232138392946467e-01,4.879975101785565261e-01,7.483251728142263637e-02,2.000000000000000164e-05,5.388668980788430263e-01,1.830272541829342270e+10,4.703814754108665117e-04,4.703814754108665117e-04
4.568329567738098063e-01,1.131613009663641999e-02,6.589193641552516523e-01,7.173536856641242465e-02,2.000000000000000164e-05,6.117212828460142360e-01,2.141130395889896011e+10,5.760599356572584538e-04,5.760599356572584538e-04
6.768946895892937743e-01,3.247992282843062961e-01,3.876397419039634973e-01,8.270167937683231552e-02,2.000000000000000164e-05,3.992159387112059199e-01,1.472163079790057945e+10,8.016910023961326334e-03,8.016910023961326334e-03
-1.080902399855874635e-01,2.060658759263492013e-01,7.771879302991722138e-01,7.599898184855205518e-02,2.000000000000000164e-05,5.144332566434584031e-01,2.490323278464995193e+10,2.530846470308338071e-03,2.530846470308338071e-03
6.696624156166761099e-02,5.807672306711511023e-01,6.163752294557814926e-01,8.333490522672180878e-02,2.000000000000000164e-05,3.901843705397252671e-01,1.215568603832791710e+10,4.421258466466430198e-02,4.421258466466430198e-02
2.368867913408740922e-01,-3.221195002419088849e-02,7.990135088311032252e-01,7.974638899795934155e-02,2.000000000000000164e-05,4.452648763699533774e-01,2.254875408459810638e+10,2.517817962759554343e-02,2.517817962759554343e-02
3.560557344895362575e-02,-4.332905294701628884e-01,6.749597036745325074e-01,7.149086248990550729e-02,2.000000000000000164e-05,6.180189633010050310e-01,1.890980646094861984e+10,7.867154373628413699e-04,7.867154373628413699e-04
-7.234099355161769385e-01,-3.375502036943510697e-01,2.765025981833863500e-01,8.402107338678099779e-02,2.000000000000000164e-05,3.807026203465674330e-01,2.006752837550441742e+10,2.026363988212750555e-03,2.026363988212750555e-03
6.132075697831482902e-02,-7.847492048555303468e-01,3.810049310308624149e-01,9.333361921184329946e-02,2.000000000000000164e-05,2.777377120506201447e-01,1.309074494471763039e+10,4.128431870977303936e-02,4.128431870977303936e-02
4.627335572227907201e-02,7.510230565946465209e-01,4.908221695860719436e-01,1.037294549349189327e-01,2.000000000000000164e-05,2.023197626845679165e-01,1.512878884652861977e+10,1.000000000000000000e+00,1.000000000000000000e+00
-6.322079378520939485e-01,-9.610275724707498246e-02,5.546730397479264774e-01,8.381480575102592812e-02,2.000000000000000164e-05,3.835203064775290493e-01,1.305272995249900055e+10,5.172163340076298133e-02,5.172163340076298133e-02
-5.399812411105021914e-02,2.776426090880717568e-01,8.225190063306333510e-01,9.169423051927559631e-02,2.000000000000000164e-05,2.929021020993931024e-01,1.490597680505332565e+10,5.381528536510856581e-02,5.381528536510856581e-02
-2.410397193827934492e-01,-3.275258067105193960e-01,7.040353104225810510e-01,7.446179805997046874e-02,2.000000000000000164e-05,5.469556679947380484e-01,2.463916874047467422e+10,2.332446820339022144e-03,2.332446820339022144e-03
2.461868829846106665e-01,3.967169578990653589e-02,7.254868460571559652e-01,6.406390604476473738e-02,2.000000000000000164e-05,8.588448167011006884e-01,2.550380235898987198e+10,2.454467517328599011e-04,2.454467517328599011e-04
-1.201805864746730845e-01,3.809815047052622083e-01,6.752506350645854916e-01,7.030456832385470478e-02,2.000000000000000164e-05,6.498343994376123423e-01,2.645233400398358536e+10,1.769396836355673422e-03,1.769396836355673422e-03
-5.106737320391494528e-01,9.852841652274052509e-02,6.051500737754920145e-01,6.885815704231912360e-02,2.000000000000000164e-05,6.916516053574697231e-01,1.739779933080521011e+10,2.677883366266895545e-03,2.677883366266895545e-03
-7.358530690596190027e-01,-4.565461164840664554e-01,9.916849939944852310e-02,9.292821594637046267e-02,2.000000000000000164e-05,2.813878631529057595e-01,1.416057767963295555e+10,1.015311265930361577e-04,1.015311265930361577e-04
-1.002784700479855823e-01,2.994849815474803778e-01,7.642970116869503006e-01,8.085260801005468567e-02,2.000000000000000164e-05,4.272373168686199318e-01,2.851870253502566528e+10,1.825023063402293061e-02,1.825023063402293061e-02
4.269509667308729051e-01,-5.984433067418538643e-01,4.747260419395749054e-01,9.551313721572590731e-02,2.000000000000000164e-05,2.591543238461168630e-01,1.403641218547423363e+10,1.005670390754973970e-01,1.005670390754973970e-01
3.675422207938805474e-01,-6.323028022779086932e-01,4.311064251835099448e-01,8.507052500430918596e-02,2.000000000000000164e-05,3.667861650652795014e-01,1.516433943906439018e+10,1.104251293315733178e-02,1.104251293315733178e-02
6.920094429887488907e-01,-3.063884110867505228e-01,5.175643443343418415e-01,1.178804271517232549e-01,2.000000000000000164e-05,1.378521544880383920e-01,1.939536871402153397e+10,1.000000000000000000e+00,1.000000000000000000e+00
2.166968961175206598e-01,-4.579445526723338045e-01,7.223496943548942673e-01,9.859168140699409166e-02,2.000000000000000164e-05,2.356273120784665720e-01,1.278699168676626968e+10,4.566486184925759306e-01,4.566486184925759306e-01
-4.419116596331993940e-01,4.410410203641683402e-02,6.337612855353614849e-01,6.523110817798599692e-02,2.000000000000000164e-05,8.135605095217168792e-01,2.103170006731576920e+10,1.071263082517894270e-04,1.071263082517894270e-04
-2.958531191888525980e-01,-7.784924346910357951e-01,2.142940932857006486e-01,8.730918230134798730e-02,2.000000000000000164e-05,3.392891367039554407e-01,1.322362624027111435e+10,1.315322643064457779e-02,1.315322643064457779e-02
-6.547794411036977902e-01,-4.953129200157641021e-01,3.318666325599033406e-01,9.874341089286450823e-02,2.000000000000000164e-05,2.345427540186111881e-01,1.630926972526663971e+10,3.139335586554133778e-02,3.139335586554133778e-02
-3.124481828312787868e-01,1.794335509667367018e-02,7.275359645420107491e-01,7.092864744199463278e-02,2.000000000000000164e-05,6.328316586484731276e-01,3.491141246820317841e+10,9.357898531160310741e-04,9.357898531160310741e-04
-1.045991489281358905e-01,-5.023897212063936912e-01,6.045926610380323307e-01,6.953971514268361687e-02,2.000000000000000164e-05,6.715134927634361928e-01,2.185480388198673248e+10,1.936828479491447663e-03,1.936828479491447663e-03
-4.385914691748329375e-01,-2.866878026664711476e-01,7.181430321481163670e-01,9.811297265900228992e-02,2.000000000000000164e-05,2.390932661466645404e-01,1.340225048201257706e+10,1.000000000000000000e+00,1.000000000000000000e+00
-1.044813721192143219e-01,-3.429959211680808084e-01,6.890535677777279711e-01,6.813506933360345685e-02,2.000000000000000164e-05,7.139069052592899034e-01,3.249320817166609573e+10,1.621275835817971459e-04,1.621275835817971459e-04
-2.519978146986650014e-01,6.444958739472534184e-03,7.590149355488238214e-01,7.291628266908607714e-02,2.000000000000000164e-05,5.824780537295540794e-01,2.898675617260644150e+10,2.258112929205854241e-03,2.258112929205854241e-03
-7.845768194257418671e-03,-8.560117611225328549e-01,1.689910501215945715e-01,9.173585117707319658e-02,2.000000000000000164e-05,2.925036601018837223e-01,1.371952021449046135e+10,8.171039536992096355e-03,8.171039536992096355e-03
-2.052255846218758450e-01,-4.968798102728722577e-01,6.190980055263735071e-01,7.590316177329170522e-02,2.000000000000000164e-05,5.163841064277612247e-01,1.946364474173817062e+10,3.079588812542207420e-03,3.079588812542207420e-03
6.793587701461988315e-01,1.657901037342436878e-01,4.007101928706272020e-01,7.349436606056194976e-02,2.000000000000000164e-05,5.688408970593863412e-01,2.247915111024892044e+10,3.614710059381407489e-04,3.614710059381407489e-04
-3.022445256721327800e-01,8.480436099913144510e-01,1.217129101963259491e-02,1.047110542156517582e-01,2.000000000000000164e-05,1.966829148324939769e-01,1.449474367781426811e+10,1.007528550698623361e-03,1.007528550698623361e-03
-1.085732504876947419e-01,1.212517392958376294e-01,7.461005828280106167e-01,6.632642496794209641e-02,2.000000000000000164e-05,7.739166682770302064e-01,3.279152035661823273e+10,1.026121226515022352e-04,1.026121226515022352e-04
-2.255046414444129566e-01,3.481624990608453984e-01,8.066967260042323673e-01,1.084801424976179623e-01,2.000000000000000164e-05,1.768854201189204722e-01,1.455345615403648949e+10,1.000000000000000000e+00,1.000000000000000000e+00
5.320252113555503648e-01,5.058911638762330076e-01,3.700648533092095183e-01,7.694395458563470236e-02,2.000000000000000164e-05,4.957110636765225675e-01,2.137894913820038223e+10,1.886832714578967249e-04,1.886832714578967249e-04
-2.587620545305394648e-01,-4.176914875789559112e-01,6.383589706100893935e-01,7.336145128316973185e-02,2.000000000000000164e-05,5.719384676809415868e-01,2.073406166139476395e+10,1.187408000660743635e-03,1.187408000660743635e-03
-5.079130929728299382e-01,4.755784401212508339e-01,3.838375574580112914e-01,7.230678727193805277e-02,2.000000000000000164e-05,5.973326106050349527e-01,3.110728575750895309e+10,3.131935649775478402e-04,3.131935649775478402e-04
-1.020538023014324891e-01,-3.011797369583358863e-01,8.465655814462220707e-01,1.036112697058814563e-01,2.000000000000000164e-05,2.030129082888924297e-01,1.385510823372918129e+10,5.328409559433634479e-01,5.328409559433634479e-01
-4.851508415204371372e-01,2.192204912660298058e-02,5.978107372019081378e-01,6.528265146090130033e-02,2.000000000000000164e-05,8.116350003449965822e-01,3.039990240593757248e+10,1.688403594705683458e-04,1.688403594705683458e-04
-3.913538991902321684e-01,5.098989961432238704e-01,5.046656911527602762e-01,7.641760827440274850e-02,2.000000000000000164e-05,5.060249365184157355e-01,2.854026176831167221e+10,5.007021302096515726e-03,5.007021302096515726e-03
6.074261904245610300e-01,-1.292243820954203093e-01,5.996942314440680821e-01,8.962464759708410611e-02,2.000000000000000164e-05,3.136654734378427900e-01,1.291713076474355507e+10,1.981538640129188733e-01,1.981538640129188733e-01
-5.455983743703617106e-02,2.937187727392193137e-01,6.979176866379160904e-01,6.701497099838840676e-02,2.000000000000000164e-05,7.503059000407789059e-01,3.782684554846998596e+10,1.013555117658360697e-04,1.013555117658360697e-04
-3.107756031184081280e-01,-6.700553356109623104e-02,6.942371497847015238e-01,6.549615748996234776e-02,2.000000000000000164e-05,8.037234242249348126e-01,3.318143861726269531e+10,1.981869267889366812e-04,1.981869267889366812e-04
-6.840735224567460193e-01,-1.593147551286805963e-01,3.787672930226916312e-01,7.114072281480900151e-02,2.000000000000000164e-05,6.271897022623622586e-01,2.436790941370868683e+10,1.075269740132158802e-04,1.075269740132158802e-04
-1.032608634811224835e-01,1.337645953795965903e-01,8.697004510993443516e-01,9.699081023078008623e-02,2.000000000000000164e-05,2.474886434785126821e-01,1.529758232484222221e+10,2.581471123226100062e-01,2.581471123226100062e-01
-2.673887748684186105e-01,7.576634530628245656e-01,3.505271137929507619e-01,9.362560410683330725e-02,2.000000000000000164e-05,2.751467474544299630e-01,1.040415220031624985e+10,3.580362191074353689e-02,3.580362191074353689e-02
7.330427738702859075e-02,6.508371248425227629e-01,5.313670825621623628e-01,8.086574450722144869e-02,2.000000000000000164e-05,4.270291327772803291e-01,1.404497654295635605e+10,2.056596454822552655e-02,2.056596454822552655e-02
-6.551208992161235978e-01,6.792246911539107090e-02,5.001028259533606413e-01,7.634965671066354376e-02,2.000000000000000164e-05,5.073773090753167514e-01,1.109973576291355896e+10,1.582442211333609863e-02,1.582442211333609863e-02
5.384893615281199919e-01,-4.724317617447376105e-01,5.328751719171179735e-01,1.047487160514305182e-01,2.000000000000000164e-05,1.964708360731102776e-01,1.436962156097835159e+10,1.276296257449698046e-01,1.276296257449698046e-01
5.166357878348205590e-01,-2.431333946890630038e-01,5.552259975461633079e-01,7.159712517161020973e-02,2.000000000000000164e-05,6.152714154832606974e-01,2.750091384163828278e+10,3.576608319818863667e-04,3.576608319818863667e-04
-1.650289629141234449e-01,-8.277985007059037725e-01,1.186570680499077490e-01,8.363390719317265187e-02,2.000000000000000164e-05,3.860143719609328561e-01,1.263109999265267372e+10,3.663524460712784037e-04,3.663524460712784037e-04
1.113075894441608316e-01,-5.461596110330885212e-01,5.747849166660514708e-01,7.180339770469792993e-02,2.000000000000000164e-05,6.099835086209687285e-01,2.738030182349381256e+10,9.044477625641544633e-04,9.044477625641544633e-04
-7.936129020402280521e-01,1.259429013390006569e-01,3.093509658569943976e-01,9.087875777986835490e-02,2.000000000000000164e-05,3.008584965530772259e-01,1.392881162151592255e+10,9.237118474041734750e-02,9.237118474041734750e-02
-8.261515280101425773e-01,7.223446956139339958e-02,2.296583138757188336e-01,9.029297706425544467e-02,2.000000000000000164e-05,3.067517138047007319e-01,2.595533668640186310e+10,7.502709198173676021e-03,7.502709198173676021e-03
-4.488429263084208753e-01,1.783972309774935205e-01,7.211193137104880968e-01,9.184079440221543100e-02,2.000000000000000164e-05,2.915022365225206635e-01,1.335923766097644043e+10,3.857376836126725217e-01,3.857376836126725217e-01
6.888024460756003720e-01,1.401644430117745393e-02,5.032190027098842888e-01,8.564774107660334812e-02,2.000000000000000164e-05,3.594201349864076800e-01,1.170776713852859306e+10,9.515287083785131661e-02,9.515287083785131661e-02
-9.583043283639690324e-02,6.463507308008297203e-01,5.045233455712413440e-01,7.884955396506258818e-02,2.000000000000000164e-05,4.606318805633727309e-01,2.478671041068896103e+10,1.954625317827471138e-03,1.954625317827471138e-03
2.185701707204804750e-02,6.600871178804343931e-01,4.919707414312113891e-01,7.649054140702588045e-02,2.000000000000000164e-05,5.045796891569578335e-01,1.912413699205318451e+10,1.112333843772719127e-02,1.112333843772719127e-02
2.665344497331895712e-01,1.758159876117587894e-01,8.034731504825057824e-01,8.935049662710964347e-02,2.000000000000000164e-05,3.165616223833494502e-01,1.558132081775723457e+10,2.049671192640827588e-01,2.049671192640827588e-01
5.997563041846917242e-01,4.746655633914156347e-01,4.257437208044954069e-01,9.396180810248880300e-02,2.000000000000000164e-05,2.722039727597410641e-01,1.335996499593482399e+10,8.696040371206885389e-02,8.696040371206885389e-02
-7.197715633060819407e-01,-3.941126640387107583e-01,1.558673205514573001e-01,8.039368286313791634e-02,2.000000000000000164e-05,4.345958885399428540e-01,1.920375513784570312e+10,1.305918193984001213e-04,1.305918193984001213e-04
8.785782509157918918e-02,-1.212130356284469718e-01,8.186371101999212474e-01,7.951821176840552508e-02,2.000000000000000164e-05,4.491090072368792430e-01,2.607815580262367249e+10,2.063104448621515610e-02,2.063104448621515610e-02
6.127075394837643296e-01,6.035060893612971267e-01,1.427145776927694620e-01,9.438120075236648698e-02,2.000000000000000164e-05,2.685912175058361440e-01,2.235400490037341690e+10,4.294170278308630196e-04,4.294170278308630196e-04
-3.403605263560630090e-01,-7.890957230661925850e-03,7.356965245192351732e-01,7.457060830741019108e-02,2.000000000000000164e-05,5.445658929840548890e-01,2.432790575203622055e+10,8.619214144627986712e-03,8.619214144627986712e-03
5.597580684790245398e-01,-4.265762895369813457e-01,4.133791223911962853e-01,7.473786266294278613e-02,2.000000000000000164e-05,5.409170356340848862e-01,1.601643786763882828e+10,1.749068924231002168e-03,1.749068924231002168e-03
-1.744414101664369388e-01,5.653335633478779876e-01,6.596286561928532688e-01,1.002418773963035248e-01,2.000000000000000164e-05,2.241807387492879555e-01,1.561417104306349754e+10,2.478560825374022392e-01,2.478560825374022392e-01
5.864728813092145998e-01,-3.512901212273160656e-01,4.707277123751325565e-01,7.972869383398080434e-02,2.000000000000000164e-05,4.455614152908526915e-01,1.459663722887898636e+10,4.136195243223944086e-03,4.136195243223944086e-03
4.462098331092448911e-01,-7.502394238713324670e-01,1.429206207905595050e-01,9.770786845347263772e-02,2.000000000000000164e-05,2.420795992125645280e-01,1.513354273120357323e+10,1.998322931685525897e-02,1.998322931685525897e-02
-1.575021944086271719e-01,-3.506956219468663760e-01,7.114017830436425438e-01,7.380581733187677185e-02,2.000000000000000164e-05,5.616697543970857742e-01,3.310002752007233047e+10,1.036312245022065308e-03,1.036312245022065308e-03
-5.125094796704122713e-01,-4.351587168551152018e-01,5.140337816056916864e-01,8.376808818275485735e-02,2.000000000000000164e-05,3.841623406168609978e-01,2.026740128205981445e+10,1.692234575756742382e-02,1.692234575756742382e-02
8.594214209101580515e-02,4.299198620009255234e-01,6.480584924198283803e-01,6.922442966682146315e-02,2.000000000000000164e-05,6.807307275503666766e-01,2.734319331658934021e+10,3.602186625007544911e-04,3.602186625007544911e-04
2.388557824160361109e-01,-8.476453400530398197e-01,8.672404871214042799e-02,9.935804892279637146e-02,2.000000000000000164e-05,2.302167991335967168e-01,1.427925666916828728e+10,8.033273653103869226e-04,8.033273653103869226e-04
1.391076523484023053e-01,-7.746576154100762723e-01,3.351014427870163681e-01,8.558116397136052156e-02,2.000000000000000164e-05,3.602596235048477480e-01,1.159723239120360947e+10,1.038409209393845525e-02,1.038409209393845525e-02
4.379857875971379100e-01,8.596414181229487805e-02,6.530726135552706868e-01,7.095672600063934743e-02,2.000000000000000164e-05,6.320816269040143709e-01,3.287308169055742264e+10,1.671411079042441029e-03,1.671411079042441029e-03
-2.705461860458303613e-01,-4.690890379750922157e-01,5.856945677514955317e-01,7.269510115959842977e-02,2.000000000000000164e-05,5.878112687239759326e-01,2.763573823990227890e+10,3.056328360560136084e-04,3.056328360560136084e-04
5.968935250926450387e-01,7.045264871256634587e-02,5.270125899128663693e-01,7.047007682955248875e-02,2.000000000000000164e-05,6.452673206920452875e-01,2.335107154359243774e+10,4.609650322501644823e-04,4.609650322501644823e-04
6.063167457918787751e-01,1.000250341826728062e-01,5.751583949815922692e-01,8.097601053780394131e-02,2.000000000000000164e-05,4.252870108348080214e-01,1.234132743772654152e+10,4.451659858461218255e-02,4.451659858461218255e-02
-4.731453535980905123e-01,-1.334930321514657958e-01,6.674932212994448832e-01,7.931354193545500642e-02,2.000000000000000164e-05,4.525948194751975295e-01,2.536862737104666519e+10,4.951120950739535537e-03,4.951120950739535537e-03
8.647862889969187838e-01,1.204736487360150154e-01,1.976197045455135859e-01,1.047839147614271077e-01,2.000000000000000164e-05,1.962729028265355891e-01,1.435573590393758774e+10,9.298112173079131626e-02,9.298112173079131626e-02
2.187000581979602065e-01,4.402937757212140313e-01,6.558820706100405573e-01,7.465435154887439806e-02,2.000000000000000164e-05,5.427344711667451138e-01,1.472419731908539581e+10,5.110196670191220758e-02,5.110196670191220758e-02
8.691497645332657562e-01,1.957248150181325197e-01,1.472188941183240063e-01,1.080880535796379799e-01,2.000000000000000164e-05,1.788174531441140691e-01,1.373629659027012825e+10,2.800754415441177730e-02,2.800754415441177730e-02
-2.280579864794191058e-01,3.411014325608446307e-01,6.682482804891530792e-01,7.064766199708442940e-02,2.000000000000000164e-05,6.404147758802453128e-01,2.808056352659963226e+10,7.093524011948178264e-04,7.093524011948178264e-04
-1.666173423068882109e-01,-5.436897594479660201e-02,7.639591949477257948e-01,6.916616820434476343e-02,2.000000000000000164e-05,6.824546792418789698e-01,3.511841244178164673e+10,7.708602286232176361e-04,7.708602286232176361e-04
6.299005780599652160e-02,-7.824326499184928174e-01,2.784496490131999069e-01,7.783119759465766119e-02,2.000000000000000164e-05,4.789506762833535269e-01,1.434798186814560127e+10,2.933119639951794013e-04,2.933119639951794013e-04
-2.390249123700633471e-01,-3.597242428500997402e-01,6.857701717121041929e-01,7.396574299983796341e-02,2.000000000000000164e-05,5.580342833147164949e-01,2.741129899048185349e+10,2.256843828982137840e-03,2.256843828982137840e-03
2.744566099893308575e-01,-7.258461192096998804e-01,3.575120307563703359e-01,8.683070063374388747e-02,2.000000000000000164e-05,3.449291719285300650e-01,2.402232653317810822e+10,1.561346142324039621e-02,1.561346142324039621e-02
9.390030156499509784e-02,6.578457384824325516e-01,4.550170132494947839e-01,7.338385860267014615e-02,2.000000000000000164e-05,5.714145373118908466e-01,2.674593498420311356e+10,4.828056814238317453e-04,4.828056814238317453e-04
-2.037932708766448109e-01,-5.858710006590981401e-01,5.564498265908504049e-01,8.034502012833902307e-02,2.000000000000000164e-05,4.353860484734558001e-01,2.239233840422994614e+10,6.622541292933813509e-03,6.622541292933813509e-03
3.510330602549600887e-02,-3.501656443189362644e-01,7.917426705090471195e-01,8.905235300509525831e-02,2.000000000000000164e-05,3.197518440706734189e-01,1.514530460338597488e+10,4.913483094730095729e-02,4.913483094730095729e-02
-2.784609533354531208e-01,2.963961871277401294e-01,7.465590487869259162e-01,8.487201355648031631e-02,2.000000000000000164e-05,3.693659148103807799e-01,1.545411514702697945e+10,7.164490594142396140e-02,7.164490594142396140e-02
6.658301080506164038e-02,-1.399823481347946263e-01,7.390157488902383554e-01,6.550292787890008017e-02,2.000000000000000164e-05,8.034742281002512643e-01,4.027814749222330475e+10,1.537289113257832318e-04,1.537289113257832318e-04
1.576671729280070267e-01,-1.168958642042291531e-02,7.694887685217326467e-01,6.839496690484352104e-02,2.000000000000000164e-05,7.057992907456756004e-01,2.585768103941001892e+10,2.268057515300484113e-03,2.268057515300484113e-03
3.372793501424294904e-01,5.916968166820119057e-01,4.369728627065243565e-01,7.454655014190279816e-02,2.000000000000000164e-05,5.450922447249835212e-01,2.523929120068817902e+10,7.878477781429989776e-04,7.878477781429989776e-04
4.923042637532108468e-01,-7.942380411392188297e-03,5.860676576173388108e-01,6.348198857557482699e-02,2.000000000000000164e-05,8.826790296412334591e-01,2.559573599638918686e+10,2.465963254001942253e-04,2.465963254001942253e-04
-4.995593727403420670e-01,-6.198479628488597903e-01,3.444887482633239850e-01,9.116459910631589947e-02,2.000000000000000164e-05,2.980368681609029125e-01,1.627294987410952377e+10,5.226237842392576077e-02,5.226237842392576077e-02
-7.354097840388440499e-01,-2.899202858538661026e-02,3.086011667819933968e-01,7.262462661563755251e-02,2.000000000000000164e-05,5.895236368674507954e-01,2.479785735269517517e+10,1.186252731427925062e-04,1.186252731427925062e-04
-6.256251042216205427e-01,-6.107502130495430226e-01,1.504076646552184315e-01,9.923024258444786139e-02,2.000000000000000164e-05,2.311075134192248082e-01,1.737436691407091522e+10,2.318091776170956575e-02,2.318091776170956575e-02
-3.381572550178327252e-01,3.820186697910489815e-01,6.268114666043604899e-01,7.538269442904062256e-02,2.000000000000000164e-05,5.271540547177779867e-01,2.992560101295616531e+10,9.227252846910498352e-03,9.227252846910498352e-03
5.960225759548312130e-01,1.419464153303110210e-01,5.721289679264575101e-01,8.127527772224889258e-02,2.000000000000000164e-05,4.206063274248961203e-01,1.993101792941449738e+10,8.458748148998175218e-03,8.458748148998175218e-03
-1.311365897136056169e-01,-5.453852259239747591e-01,6.622366622388621282e-01,9.113834621185547269e-02,2.000000000000000164e-05,2.982945009542268267e-01,1.378841822803658485e+10,7.258369113760197722e-02,7.258369113760197722e-02
-6.791034280893935016e-01,1.441487244356746134e-01,4.164887313164898353e-01,7.168516351380462004e-02,2.000000000000000164e-05,6.130071287141616310e-01,8.451915571912365913e+09,5.688738972421115677e-04,5.688738972421115677e-04
1.918343351798803276e-01,7.351722906420271597e-02,7.327300216070994354e-01,6.281022694231981618e-02,2.000000000000000164e-05,9.113063951641788840e-01,2.686785112825443268e+10,3.814455004432254926e-04,3.814455004432254926e-04
-2.697179834072134796e-01,2.418270239542412436e-01,8.085076431622270077e-01,9.838957282717041009e-02,2.000000000000000164e-05,2.370823764059859784e-01,1.276535064455095100e+10,2.829567735773154125e-01,2.829567735773154125e-01
-4.977431307556288709e-01,-5.347993758717678459e-02,6.448739429108159005e-01,7.642185297850910553e-02,2.000000000000000164e-05,5.059406598509162967e-01,2.970171065368576431e+10,3.862983957037303961e-03,3.862983957037303961e-03
-1.063413141566352110e-01,5.723040742567130357e-01,5.573990363944163473e-01,7.478898591552600450e-02,2.000000000000000164e-05,5.398084705082257795e-01,2.541758351059077835e+10,4.084269902134528285e-04,4.084269902134528285e-04
7.818775674431747147e-01,2.072287559731779694e-01,3.236028416796221663e-01,9.329417824386251890e-02,2.000000000000000164e-05,2.780893914294035318e-01,1.456691405376932526e+10,1.838125473580943386e-02,1.838125473580943386e-02
-2.188557965374011705e-01,-4.394844257140286259e-01,6.864691171203065601e-01,8.097594098592605927e-02,2.000000000000000164e-05,4.252881060337508345e-01,1.176087718443733215e+10,7.639952500632002375e-02,7.639952500632002375e-02
-3.499573208465956986e-01,-4.296389202504135030e-01,6.817626699514703903e-01,9.424950393520713232e-02,2.000000000000000164e-05,2.697189748684350463e-01,1.588743282224370384e+10,4.225799571216350137e-02,4.225799571216350137e-02
4.054294245982731359e-01,5.664420302029085086e-01,5.409797205942573628e-01,9.650368038709797314e-02,2.000000000000000164e-05,2.512555204425450661e-01,1.329633789237744331e+10,1.187749242737601990e-01,1.187749242737601990e-01
1.752978755425264532e-02,2.998339101999113465e-01,7.321131003766628842e-01,7.230082099642319571e-02,2.000000000000000164e-05,5.974799261058577615e-01,2.795690638551197052e+10,7.437972706770365917e-04,7.437972706770365917e-04
-1.320959321671940356e-01,-7.398801592200654476e-01,4.296413208796007188e-01,9.053193022932363998e-02,2.000000000000000164e-05,3.043291187680355891e-01,1.448370176669216347e+10,1.175276750134767456e-01,1.175276750134767456e-01
-2.077461490225934182e-01,1.998059473127228314e-01,7.857460629028264476e-01,8.168240296880460716e-02,2.000000000000000164e-05,4.143483129924395714e-01,2.247763939355811691e+10,4.092082299200260759e-02,4.092082299200260759e-02
5.457699705746994062e-02,-8.042910663967197671e-01,1.922998992431387832e-01,7.892677572953425702e-02,2.000000000000000164e-05,4.592811494004698236e-01,2.832197187440153503e+10,1.075850951133556620e-04,1.075850951133556620e-04
4.556290005218236461e-01,-6.405116977888020147e-01,2.736934772414809092e-01,7.991689006339393331e-02,2.000000000000000164e-05,4.424210324884367829e-01,2.176022797192396545e+10,3.666466870594316317e-04,3.666466870594316317e-04
6.536626195154472407e-01,-3.973827012607910603e-01,3.475066861728968171e-01,8.237069087010545632e-02,2.000000000000000164e-05,4.040478521276211210e-01,2.005064335670219040e+10,8.974117985079025500e-03,8.974117985079025500e-03
-1.188724331907272114e-01,6.143865228294950187e-01,6.369695220187669982e-01,1.026025511621018876e-01,2.000000000000000164e-05,2.090597995295132017e-01,1.383335459882477570e+10,2.522619005044737239e-01,2.522619005044737239e-01
6.441447444710969306e-01,-3.074065555045684128e-01,4.521907488955118071e-01,8.594642700023195914e-02,2.000000000000000164e-05,3.556858484252093944e-01,2.243523744352363205e+10,6.773269748710020362e-03,6.773269748710020362e-03
-1.846534422573485948e-02,-1.387797795799557143e-01,8.849972835392740933e-01,9.989553973514254948e-02,2.000000000000000164e-05,2.265205909830047548e-01,1.504667443918854141e+10,1.000000000000000000e+00,1.000000000000000000e+00
6.705064143651735531e-01,-5.687743503000391998e-02,5.029955556916998471e-01,8.046423645447262074e-02,2.000000000000000164e-05,4.334536808869494662e-01,1.244641637278036499e+10,4.395844531327146310e-02,4.395844531327146310e-02
4.388644743391453829e-01,-6.507788213144390932e-01,3.663475566972297925e-01,9.122474991288577473e-02,2.000000000000000164e-05,2.974476961561432486e-01,1.522990451360628128e+10,4.289361463898138521e-02,4.289361463898138521e-02
-3.050376976596114176e-01,-2.587923665712306698e-01,6.635666769118194752e-01,6.694267270156221972e-02,2.000000000000000164e-05,7.527395439783816089e-01,2.754325673046805954e+10,1.050582043575773379e-04,1.050582043575773379e-04
-5.815928570251898133e-01,6.715372143180181608e-01,1.801093315592822153e-01,1.081758015256555627e-01,2.000000000000000164e-05,1.783826320029504586e-01,1.365243639870942497e+10,3.151974857457504053e-02,3.151974857457504053e-02
-8.079465348730938690e-01,2.412374658391192028e-01,2.750704370731911208e-01,1.016186532097230616e-01,2.000000000000000164e-05,2.151914843598498328e-01,1.504661878858234978e+10,1.372167122819448470e-01,1.372167122819448470e-01
6.124254283609371630e-01,1.866635350096356727e-01,4.893253709506972249e-01,7.497271662233846723e-02,2.000000000000000164e-05,5.358500766754070721e-01,3.257105915248697662e+10,4.088989648391443306e-04,4.088989648391443306e-04
-7.262600298618057115e-01,5.093053255352588682e-01,1.976944587889137572e-01,1.094954887804623217e-01,2.000000000000000164e-05,1.720099934745348003e-01,1.522519538565987206e+10,6.134941859678147424e-02,6.134941859678147424e-02
-4.266427271803326926e-01,-6.274974160060836637e-01,3.353103873477629726e-01,7.924690520680117978e-02,2.000000000000000164e-05,4.537375366016494493e-01,2.021843604884255219e+10,5.530125941295217003e-04,5.530125941295217003e-04
2.133157508319818429e-01,-6.366891256060106530e-01,5.203396258198572655e-01,8.539540670235389042e-02,2.000000000000000164e-05,3.626157570903564276e-01,1.374750967593228531e+10,3.018317484893235508e-02,3.018317484893235508e-02
-3.335618891316846635e-01,-2.779445900800562863e-01,7.195910741107404140e-01,8.130870225331562895e-02,2.000000000000000164e-05,4.200878168322950690e-01,2.062976864454369354e+10,5.511748844184773642e-03,5.511748844184773642e-03
2.700046592731668582e-01,7.415899452508966094e-01,3.804348615274760759e-01,9.381410494221045782e-02,2.000000000000000164e-05,2.734917713185711086e-01,1.694064461296092796e+10,4.229921315667437703e-02,4.229921315667437703e-02
-7.488650523855268359e-02,-2.576228332129035584e-02,7.419820569887886075e-01,6.426346894311654734e-02,2.000000000000000164e-05,8.508671807670764586e-01,4.031002793904936981e+10,1.754623653442141185e-04,1.754623653442141185e-04
-9.562101631391760337e-02,2.423212151918280668e-02,8.011584772564896983e-01,7.455180120615112482e-02,2.000000000000000164e-05,5.449771353387894424e-01,2.661495094600575638e+10,2.512209230213857149e-03,2.512209230213857149e-03
-3.011830084182042233e-01,-3.566943655263932200e-01,7.609574844822877271e-01,1.000335048012328254e-01,2.000000000000000164e-05,2.255846144269256226e-01,1.305631578152909279e+10,5.340942431862117923e-01,5.340942431862117923e-01
-5.166725045762200069e-02,-3.472031380150758517e-01,7.608870655572862463e-01,8.067091483267802010e-02,2.000000000000000164e-05,4.301306306542252988e-01,2.462662962661276627e+10,1.207148583356620550e-02,1.207148583356620550e-02
-9.065225789422946823e-03,4.343631446906854321e-01,6.784999037725130133e-01,7.501965125622392372e-02,2.000000000000000164e-05,5.348447769745235947e-01,2.354031995597428131e+10,5.096331963464983093e-04,5.096331963464983093e-04
2.902985516698191604e-01,3.753535341543929871e-01,6.078486338709355730e-01,6.690216683452500368e-02,2.000000000000000164e-05,7.541076189599590363e-01,2.982190510075850296e+10,2.211183430211573697e-04,2.211183430211573697e-04
5.857162162428508623e-01,-3.150903494550319484e-01,4.913833177505951832e-01,7.935990594728029035e-02,2.000000000000000164e-05,4.518020207122290799e-01,1.802311357263719177e+10,9.483214858527764732e-03,9.483214858527764732e-03
3.461923641004601704e-01,4.091524880153269983e-01,6.709302056854927754e-01,8.834207429561372060e-02,2.000000000000000164e-05,3.275266696364217966e-01,1.979957905577146149e+10,9.302019889716994783e-02,9.302019889716994783e-02
-3.197533385951240592e-01,-5.122165307143478064e-01,4.988943603624519385e-01,6.858964718292001606e-02,2.000000000000000164e-05,6.998064227189164654e-01,2.449215447504607773e+10,1.428099581940709707e-04,1.428099581940709707e-04
-4.386306497046966180e-01,-5.637716613641009511e-01,4.758970372018686557e-01,8.684349781474418051e-02,2.000000000000000164e-05,3.447767063605469140e-01,1.430296352677244759e+10,4.305973386551113086e-02,4.305973386551113086e-02
-3.902679137774638929e-01,7.465949621638406919e-01,1.955522344149332181e-01,8.918941330683798074e-02,2.000000000000000164e-05,3.182799615963222140e-01,1.414843588809140396e+10,2.751247737303312221e-03,2.751247737303312221e-03
-1.490786498656901382e-01,5.788649248935990865e-01,5.835655123966894120e-01,8.164891471394697398e-02,2.000000000000000164e-05,4.148583632048912229e-01,2.135679017007984543e+10,1.154934500078836669e-02,1.154934500078836669e-02
5.673008238882771836e-01,-3.782944899781809367e-01,5.630791533814694105e-01,1.007225693156114099e-01,2.000000000000000164e-05,2.209862696780286462e-01,1.587936885435084152e+10,1.283790447299373583e-01,1.283790447299373583e-01
-1.664745254196995927e-01,1.653468404592213781e-01,7.854347019941112507e-01,7.733406135319639829e-02,2.000000000000000164e-05,4.882470268849606887e-01,2.203009657914579391e+10,4.363951384893077941e-03,4.363951384893077941e-03
-5.576273923943899646e-01,7.444610583825832240e-03,6.485158624810734018e-01,8.741563891984319157e-02,2.000000000000000164e-05,3.380510440088887458e-01,1.404185907717584991e+10,2.021980361209946842e-01,2.021980361209946842e-01
-8.920537734180516987e-02,-3.936240115381846039e-01,7.202186405981845230e-01,7.704010917348384779e-02,2.000000000000000164e-05,4.938572319012538014e-01,2.377849779772721481e+10,1.026709156956070318e-02,1.026709156956070318e-02
-1.073430949262136752e-01,4.754695972532001491e-01,6.451345178168043093e-01,7.593620903733820648e-02,2.000000000000000164e-05,5.157101007825630745e-01,3.099623363298207092e+10,4.001834789789606231e-03,4.001834789789606231e-03
2.768215291639427034e-01,7.974469674960446008e-01,3.255316629310788801e-01,1.068062455466096405e-01,2.000000000000000164e-05,1.853408606010616411e-01,1.423789453256949425e+10,2.231041505779053635e-01,2.231041505779053635e-01
-2.025878509078190282e-01,5.244042749609704179e-01,5.920904510045515989e-01,7.668228790254313920e-02,2.000000000000000164e-05,5.008031051925574406e-01,2.207154992709826660e+10,8.201837810125267234e-03,8.201837810125267234e-03
-2.995105320070122132e-02,-7.219358397994434240e-01,4.709199123418104649e-01,8.984320490408430337e-02,2.000000000000000164e-05,3.113818773050776589e-01,1.326402881676715660e+10,4.965772140555864689e-01,4.965772140555864689e-01
9.721282423327384792e-02,-7.122299096795131623e-01,4.880814996761835278e-01,9.245541072377259917e-02,2.000000000000000164e-05,2.857270140649894041e-01,1.297709815623423195e+10,2.547745480823234154e-01,2.547745480823234154e-01
-2.664743784981721819e-01,7.505648406587434041e-01,4.109658258847639911e-01,1.026672580288377212e-01,2.000000000000000164e-05,2.086647580193123908e-01,1.444427393209146118e+10,2.034552308128172171e-01,2.034552308128172171e-01
8.295676701424480326e-01,-1.694657147507188377e-01,1.009196721030530680e-01,8.630328890279423404e-02,2.000000000000000164e-05,3.512917393011821821e-01,1.742538035831925201e+10,3.642028247668039460e-04,3.642028247668039460e-04
-3.602602083220882712e-01,5.804191468868405979e-01,4.503582754806145783e-01,7.601969899614137438e-02,2.000000000000000164e-05,5.140129207330705885e-01,2.579688520342173767e+10,1.798832319756025469e-03,1.798832319756025469e-03
7.959471127912297328e-02,1.493487478859299999e-01,7.545245877127533252e-01,6.714088080341887310e-02,2.000000000000000164e-05,7.460926149579124589e-01,3.050869257334418106e+10,3.741348471973172701e-04,3.741348471973172701e-04
-5.506817855764093439e-01,4.399216486037128004e-01,4.909958182461464649e-01,9.004186254098400788e-02,2.000000000000000164e-05,3.093253944097227870e-01,1.396589226826794052e+10,4.936187104573924733e-02,4.936187104573924733e-02
-6.337800287815607003e-01,4.231722508168799246e-01,3.989069571939402592e-01,8.953897006000779979e-02,2.000000000000000164e-05,3.145667683826979255e-01,1.424695022254923058e+10,6.530271544559973496e-02,6.530271544559973496e-02
-5.260886568128422119e-02,-2.615726738997812412e-02,8.700735458906911912e-01,9.043198600857514646e-02,2.000000000000000164e-05,3.053392753584374675e-01,1.852015278883844757e+10,2.181369729988381356e-01,2.181369729988381356e-01
-3.705419823363105269e-01,-6.874276987891680957e-01,3.550854118224270328e-01,8.847011830902470897e-02,2.000000000000000164e-05,3.261066156713425812e-01,2.003324957085078430e+10,2.135012938573267391e-02,2.135012938573267391e-02
-5.189557797240955672e-01,1.701548563753491339e-01,6.083873425008734515e-01,7.449755982003414267e-02,2.000000000000000164e-05,5.461683806747172909e-01,1.164314637873904037e+10,7.525396517505043327e-03,7.525396517505043327e-03
6.054121081036532015e-01,-5.544616026207304094e-01,2.485256517483444560e-01,8.861949108036810963e-02,2.000000000000000164e-05,3.244603412344442828e-01,1.900691141523630905e+10,4.823593134080862883e-03,4.823593134080862883e-03
2.868083659456001078e-01,-2.276159916372582359e-01,6.691207672069954260e-01,6.715862552876208924e-02,2.000000000000000164e-05,7.455013654300766124e-01,3.708765013497228241e+10,1.940906003051417030e-04,1.940906003051417030e-04
-2.618647683334681120e-01,-2.777109946281394737e-01,7.610387921604719885e-01,8.356993827928452245e-02,2.000000000000000164e-05,3.869046269687793638e-01,1.765563410965827560e+10,1.730305309723882967e-01,1.730305309723882967e-01
-2.096628272046171804e-01,-2.091146418492119685e-01,7.338658896245414676e-01,7.022192513754331455e-02,2.000000000000000164e-05,6.521314808019265108e-01,2.955233989252937317e+10,7.339080814222467873e-04,7.339080814222467873e-04
-8.456180104056185698e-01,-1.460888656504849862e-03,2.035085433308200520e-01,9.347762741036645673e-02,2.000000000000000164e-05,2.764559223048871917e-01,1.956294378531290817e+10,3.218016987211293808e-03,3.218016987211293808e-03
-5.849767765413713683e-01,4.630814615304753024e-01,3.300200522946594717e-01,7.764706150117557659e-02,2.000000000000000164e-05,4.823662664956004931e-01,2.682487181152607727e+10,4.077051865899344353e-04,4.077051865899344353e-04
-4.437313598865124664e-01,1.073451473609914608e-01,6.541765538367170230e-01,7.018284901082935678e-02,2.000000000000000164e-05,6.532221893879347485e-01,2.269240906574615860e+10,5.190595038723202700e-04,5.190595038723202700e-04
-4.058460857043668102e-01,-1.387590873234348654e-01,7.492858806698844409e-01,8.784169764171917416e-02,2.000000000000000164e-05,3.331558304159923933e-01,1.614378114746909142e+10,1.204767768003920519e-01,1.204767768003920519e-01
3.922179652592054366e-01,1.742908364779829911e-01,7.180873705959960329e-01,8.175250883431123272e-02,2.000000000000000164e-05,4.132832547413107793e-01,1.935502934218169403e+10,5.339340132790754145e-02,5.339340132790754145e-02
4.181566024226518463e-01,7.545512041953111870e-01,1.599954037860666922e-01,9.591756178371915742e-02,2.000000000000000164e-05,2.558899897928597067e-01,1.336357117499964333e+10,5.911123509831113856e-03,5.911123509831113856e-03
-1.632981468469298092e-01,-5.070571628936085817e-01,6.002786849473804587e-01,7.192224226704270473e-02,2.000000000000000164e-05,6.069653155288066149e-01,2.672346675607317734e+10,2.012966392015755075e-03,2.012966392015755075e-03
3.531635030082255211e-01,-5.667944059928445855e-01,4.425481534428358232e-01,7.251909018413987829e-02,2.000000000000000164e-05,5.921012366942438598e-01,2.700641335364186096e+10,1.205121438938534442e-04,1.205121438938534442e-04
-8.337408524010544442e-01,1.750133476152703205e-01,2.049398220882465427e-01,9.514832539050244176e-02,2.000000000000000164e-05,2.621468447332494511e-01,1.280494398957635117e+10,4.002382025873405663e-02,4.002382025873405663e-02
2.574015826830269305e-01,-2.593068290926327513e-01,7.063836533012606278e-01,7.251635853027418865e-02,2.000000000000000164e-05,5.921684783356545578e-01,3.139023733074898529e+10,2.226806699793944591e-03,2.226806699793944591e-03
-2.486589800039804010e-01,-1.730914611298324524e-01,7.206289330402719795e-01,6.906288520866744884e-02,2.000000000000000164e-05,6.855188292171653375e-01,4.088100216368075562e+10,1.229213351331706833e-04,1.229213351331706833e-04
-6.161624705292293447e-01,1.937026232174451634e-01,4.463053887786646579e-01,6.846476323840422484e-02,2.000000000000000164e-05,7.036428887858102721e-01,3.360343279612451935e+10,1.775943937148686440e-04,1.775943937148686440e-04
6.007145822292205839e-01,-1.160079687020003081e-01,6.005079637954242600e-01,8.682307151971781212e-02,2.000000000000000164e-05,3.450201086610202861e-01,1.439600345763514900e+10,4.887502131111444159e-01,4.887502131111444159e-01
2.757550825909216852e-01,3.670886650010478647e-01,6.676455089525249464e-01,7.440608684748398205e-02,2.000000000000000164e-05,5.481851831181875356e-01,2.297445250861622620e+10,2.469961968276435278e-03,2.469961968276435278e-03
4.613044119566432344e-01,5.111085481335909675e-01,5.470961700639218606e-01,9.565385386973491999e-02,2.000000000000000164e-05,2.580121780275915766e-01,1.378013897361863899e+10,6.384181438542831100e-02,6.384181438542831100e-02
-4.209492676833745742e-03,-9.318979306944881469e-02,8.660944828275768392e-01,8.964397919347624755e-02,2.000000000000000164e-05,3.134625889207434124e-01,1.908070469744754028e+10,4.612811020967035047e-02,4.612811020967035047e-02
-5.801058509003903518e-01,-3.610561650720324756e-01,4.423495134580627264e-01,7.572019538534295602e-02,2.000000000000000164e-05,5.201363090341192263e-01,2.421619699529607773e+10,2.156428945322559870e-04,2.156428945322559870e-04
-3.545010333955844750e-01,2.232298276717452901e-01,7.363325817319539279e-01,8.357603529922780217e-02,2.000000000000000164e-05,3.868168237129274711e-01,1.478481590382861328e+10,4.560354147331192182e-02,4.560354147331192182e-02
4.242769906485700515e-01,-2.649171575455363525e-01,5.904427872851047976e-01,6.825800982574843634e-02,2.000000000000000164e-05,7.100563319495232228e-01,3.003735931028004837e+10,2.086212747684195584e-04,2.086212747684195584e-04
5.683350215192992660e-01,-4.925999285534998218e-01,4.312618717432976090e-01,9.345977418527776082e-02,2.000000000000000164e-05,2.766146156619417318e-01,1.702670977578308296e+10,5.662345194263763981e-02,5.662345194263763981e-02
6.778434845881539661e-02,7.147836054714418186e-02,8.943616013724488001e-01,1.031178962094445040e-01,2.000000000000000164e-05,2.059409393415393419e-01,1.364070010471133041e+10,5.172257577668074591e-01,5.172257577668074591e-01
-2.055930115242220468e-01,-4.255957952687455803e-01,7.047317167117017611e-01,8.216796381489342715e-02,2.000000000000000164e-05,4.070459190892619650e-01,1.221376621551241112e+10,9.309017809247648045e-02,9.309017809247648045e-02
7.713434201992142025e-01,-3.145364397025950387e-01,2.661038749447068308e-01,9.579934951066335080e-02,2.000000000000000164e-05,2.568383225557706040e-01,1.519920256095230103e+10,4.387181132546702327e-03,4.387181132546702327e-03
-3.606576002197793285e-01,3.244667865590008526e-01,5.783764493921049743e-01,6.592581725906142276e-02,2.000000000000000164e-05,7.881111290954594395e-01,4.364588893733441925e+10,2.835283338525239815e-04,2.835283338525239815e-04
6.680551264531008337e-01,-1.151364277073942642e-02,4.442331583994675870e-01,7.170153111337822238e-02,2.000000000000000164e-05,6.125870516717452086e-01,2.082767658684801865e+10,1.543995953551419078e-03,1.543995953551419078e-03
7.768861894981016203e-01,-2.663766167433213594e-01,3.183104622258905447e-01,9.888004481760502562e-02,2.000000000000000164e-05,2.335718163539939884e-01,1.506317167600910950e+10,3.314499073599627699e-02,3.314499073599627699e-02
-3.703357711716893652e-01,-4.106376426089067833e-01,5.833948394034803586e-01,7.434390527098130863e-02,2.000000000000000164e-05,5.495620598013286617e-01,2.957949626137627029e+10,2.191489388251700128e-04,2.191489388251700128e-04
2.090581267876351346e-01,4.605996983541578715e-01,6.475864413955693122e-01,7.553845315714638464e-02,2.000000000000000164e-05,5.238998519423472278e-01,1.508518679869874763e+10,2.033047318907299852e-02,2.033047318907299852e-02
8.318345488472931315e-01,-1.993495778040746680e-01,1.578895629316547367e-01,9.360980040689974302e-02,2.000000000000000164e-05,2.752865099943875848e-01,1.608994576649209976e+10,2.179658946206795758e-03,2.179658946206795758e-03
2.794170362094095666e-02,8.243980156146045735e-01,2.897157071339809264e-01,9.356846331865627253e-02,2.000000000000000164e-05,2.756515482717413201e-01,1.390344483636744499e+10,2.258432239750520105e-03,2.258432239750520105e-03
-4.038903932345455985e-03,-4.540679963895083437e-01,7.397900283668611410e-01,9.111953445736387103e-02,2.000000000000000164e-05,2.984792925363652372e-01,1.358776720187406540e+10,3.809165460872827591e-01,3.809165460872827591e-01
-2.513949819400298491e-01,1.534069735849223348e-01,8.251346385468649736e-01,9.350244741060552423e-02,2.000000000000000164e-05,2.762358696970614313e-01,2.027533835263595963e+10,2.263632725784414379e-01,2.263632725784414379e-01
1.942054470653171716e-01,-3.620178206698163592e-01,7.743207012916697440e-01,9.482010695327128258e-02,2.000000000000000164e-05,2.648785848338378046e-01,1.465887278172335815e+10,2.340527998571317048e-01,2.340527998571317048e-01
7.188362149486153818e-01,1.163999237592694830e-01,3.956805339288865797e-01,7.826672416172465729e-02,2.000000000000000164e-05,4.709994447476792412e-01,1.781134842362906265e+10,3.499227098612755701e-03,3.499227098612755701e-03
-6.697938229792890219e-01,-3.187884381483972740e-02,5.125067454311539317e-01,8.352086348653345316e-02,2.000000000000000164e-05,3.875839048142021293e-01,1.456891467715511322e+10,3.720422707563115355e-02,3.720422707563115355e-02
-2.740486980534158623e-01,8.480673905922031519e-01,1.401991634531953579e-01,1.055647930772762866e-01,2.000000000000000164e-05,1.919493329644604562e-01,1.378272348155596352e+10,6.199922800722706961e-03,6.199922800722706961e-03
2.596830935661967876e-01,-3.492166835250632428e-01,7.196423979164993101e-01,8.255748896998872655e-02,2.000000000000000164e-05,4.013113674076672077e-01,2.101545164800452042e+10,4.202026679881720045e-02,4.202026679881720045e-02
7.983382615501486423e-01,2.089778743311684894e-01,2.406819478881856711e-01,8.904709298426675967e-02,2.000000000000000164e-05,3.198085121753084237e-01,1.873111670451667404e+10,5.300707153351596167e-03,5.300707153351596167e-03
-3.491388927219012395e-01,6.951257728549136150e-01,4.106170900999235873e-01,9.564132075839493208e-02,2.000000000000000164e-05,2.581136750164624849e-01,1.746616987869470596e+10,3.748622209920726006e-02,3.748622209920726006e-02
-1.621254791973938680e-01,-1.118625895004436571e-01,8.371955331806418821e-01,8.560255899676942615e-02,2.000000000000000164e-05,3.599895654424160596e-01,1.525432562586760330e+10,1.998788960394973224e-01,1.998788960394973224e-01
-5.181807076131506040e-01,-4.209392882641124073e-02,6.000284385067262694e-01,7.048595392501248724e-02,2.000000000000000164e-05,6.448304863363297779e-01,2.312241701359939194e+10,2.872489641476510570e-03,2.872489641476510570e-03
2.913285202957420772e-01,-1.214318071183770470e-01,7.477440953838688786e-01,7.530658791183011957e-02,2.000000000000000164e-05,5.287539298623897821e-01,2.982683507412230682e+10,7.713968588629999644e-03,7.713968588629999644e-03
-8.455868301446839430e-01,-6.738742866360084016e-02,2.197454763500267527e-01,9.587977090467877939e-02,2.000000000000000164e-05,2.561926519914189959e-01,1.357822711961184502e+10,1.057719804317265935e-02,1.057719804317265935e-02
7.282202041972964113e-02,3.160529155585826144e-01,7.379468737297498748e-01,7.498366405731339557e-02,2.000000000000000164e-05,5.356149393464124664e-01,2.637028882250123215e+10,1.811602147582893002e-03,1.811602147582893002e-03
2.377366415971257085e-01,-7.817529154010729661e-03,7.778240700525983486e-01,7.427604830535661229e-02,2.000000000000000164e-05,5.510695994516626728e-01,2.303577679008375168e+10,4.371333141699498305e-03,4.371333141699498305e-03
6.021196315069174965e-01,-2.493091094453299683e-01,5.339543108599950072e-01,8.331774544614703459e-02,2.000000000000000164e-05,3.904255060498770247e-01,1.584203724486991882e+10,7.359902363580629603e-02,7.359902363580629603e-02
2.186808987275637994e-01,-3.916120552848462721e-01,5.998597245038533865e-01,6.281383310783997254e-02,2.000000000000000164e-05,9.111479238992707952e-01,3.339380992854780960e+10,1.297460048510924561e-04,1.297460048510924561e-04
5.071944751876723556e-01,5.321450672433233331e-01,4.720081417804184443e-01,9.312849557437874459e-02,2.000000000000000164e-05,2.795768741500420651e-01,1.226156313477097893e+10,1.065286726426031005e-01,1.065286726426031005e-01
-2.529293884004729098e-01,-8.360172610938680915e-01,1.287308566800827725e-01,9.617822600843582703e-02,2.000000000000000164e-05,2.538150191727487348e-01,1.230219683413956833e+10,8.089058300078154698e-03,8.089058300078154698e-03
4.736449822088111272e-01,-5.003677095259942975e-01,3.871337043622020135e-01,7.121679242136515209e-02,2.000000000000000164e-05,6.251822747957807014e-01,2.981845625047763062e+10,1.026158779419595755e-04,1.026158779419595755e-04
-4.374633372155614097e-01,7.508419307877896021e-01,5.344881577847050702e-02,9.398687052569192069e-02,2.000000000000000164e-05,2.719859427428871212e-01,1.724698062600406647e+10,2.174923590906127787e-04,2.174923590906127787e-04
2.569620590118892878e-01,-4.012475771762619159e-01,6.446992308930288296e-01,7.241371674524864355e-02,2.000000000000000164e-05,5.946900777392576387e-01,2.770850947375639725e+10,2.222479195050318639e-03,2.222479195050318639e-03
-1.808020839606488406e-01,4.707038322982072254e-01,6.271638195918904923e-01,7.375558688809022434e-02,2.000000000000000164e-05,5.628182146902867000e-01,2.214040650366313553e+10,1.169231270669325237e-03,1.169231270669325237e-03
5.578015881034548151e-01,-1.867204587903203150e-01,5.341807911141486231e-01,7.114978944205796463e-02,2.000000000000000164e-05,6.269491695652944507e-01,2.363917456002312851e+10,1.112237066132636121e-03,1.112237066132636121e-03
4.323002221145098578e-01,-4.370256917580391809e-01,5.577965423452301286e-01,7.959475489335289533e-02,2.000000000000000164e-05,4.478145663156757883e-01,2.094161649806859207e+10,1.533935078413328768e-02,1.533935078413328768e-02
-5.875504231490397133e-01,4.664068800023632444e-01,4.175920261232499153e-01,8.929584511810684244e-02,2.000000000000000164e-05,3.171432218650894197e-01,2.232692757539345551e+10,5.290126113195640217e-02,5.290126113195640217e-02
-6.614970824293909812e-01,-2.715681492205112083e-02,4.354302373141598070e-01,6.996926118267678130e-02,2.000000000000000164e-05,6.592228450725579059e-01,2.628651154542660522e+10,2.496121605153723915e-04,2.496121605153723915e-04
-1.767456207737048424e-01,-2.909185789002794453e-01,7.557348709695359545e-01,7.793117116643677456e-02,2.000000000000000164e-05,4.771097831964150604e-01,2.089435059974078751e+10,1.046947944804503192e-02,1.046947944804503192e-02
8.219910004795371039e-01,-1.056040575514505392e-01,1.916375611520195754e-01,8.569682707466043381e-02,2.000000000000000164e-05,3.588028664764642550e-01,1.363041522131903458e+10,3.700560333211546553e-04,3.700560333211546553e-04
-7.389851094361959971e-01,-4.160801112944638169e-01,2.484179071816570716e-01,9.849461557375373266e-02,2.000000000000000164e-05,2.363249131682767235e-01,1.345817423875426102e+10,2.373248047784516299e-02,2.373248047784516299e-02
-6.531959095323013331e-01,4.161104944094445313e-01,3.249608919794799156e-01,8.292527396532323181e-02,2.000000000000000164e-05,3.959953251672865271e-01,2.089162266799964523e+10,9.724169245383617460e-03,9.724169245383617460e-03
2.085964681853357261e-01,-3.593498543826099678e-01,6.869149295275789324e-01,7.402454828597004877e-02,2.000000000000000164e-05,5.567054538521206686e-01,2.700603265822985840e+10,4.498214724803605534e-03,4.498214724803605534e-03
2.891736263730002587e-01,1.108524543740863760e-01,6.903387053590223088e-01,6.199857413767430325e-02,2.000000000000000164e-05,9.475665280215936903e-01,2.499601670302884674e+10,3.758024019541094871e-04,3.758024019541094871e-04
-2.094162273976576671e-01,-5.981445301786029178e-01,6.355806156792067618e-01,1.053499076416896385e-01,2.000000000000000164e-05,1.931263417839731988e-01,1.466149055986494637e+10,1.000000000000000000e+00,1.000000000000000000e+00
8.749460632502382706e-01,1.286585008414414810e-01,3.723234303001028700e-02,9.912838764412616743e-02,2.000000000000000164e-05,2.318206591780574144e-01,1.312636157095833206e+10,1.895636657264101023e-03,1.895636657264101023e-03
-4.097911039469018246e-01,3.945747489110825179e-01,5.814757613835979111e-01,7.639313057546753827e-02,2.000000000000000164e-05,5.065115469248439029e-01,2.451921581360345078e+10,1.294905419715663541e-03,1.294905419715663541e-03
-4.607291804153072594e-04,2.340473252488950162e-01,7.904120160728848044e-01,7.860784562986845858e-02,2.000000000000000164e-05,4.648941495547092573e-01,2.809250250654880905e+10,9.199468990166697474e-03,9.199468990166697474e-03
-4.705979213719883036e-01,3.317451853799918693e-01,5.358086991599759763e-01,7.001728477588348154e-02,2.000000000000000164e-05,6.578662205588345913e-01,2.628897995625465393e+10,5.082759885553933413e-04,5.082759885553933413e-04
-2.696880051256134170e-01,-5.566058889513080671e-02,7.327199907550906444e-01,6.877370588965109333e-02,2.000000000000000164e-05,6.942027116578963764e-01,2.900692981266634750e+10,4.474458062377391506e-04,4.474458062377391506e-04
-5.767347438384052838e-01,8.187009664451430635e-02,5.384268635123152791e-01,6.934598432579543170e-02,2.000000000000000164e-05,6.771583231622956278e-01,2.210811157900330353e+10,6.355638575637756471e-04,6.355638575637756471e-04
-8.093684571519777979e-03,-5.950538083449024018e-01,5.944544590472330414e-01,8.125239090197888814e-02,2.000000000000000164e-05,4.209618586279130215e-01,1.712649460551579857e+10,1.476251973836510967e-01,1.476251973836510967e-01
-7.491816494438924279e-01,4.679446228478318925e-01,2.777410093366190769e-02,9.545329577688599354e-02,2.000000000000000164e-05,2.596418133471588008e-01,1.309732306105864143e+10,8.016765039051494592e-04,8.016765039051494592e-04
-4.755621873626594831e-01,4.134206750483534476e-01,6.215021476005166967e-01,1.006718917197280405e-01,2.000000000000000164e-05,2.213201773322625576e-01,1.558160111059991074e+10,5.853615487855604038e-02,5.853615487855604038e-02
4.286861729418892097e-01,5.914382567334113272e-01,4.671353555190980722e-01,8.993334808821748516e-02,2.000000000000000164e-05,3.104464719270157991e-01,1.568981120440525246e+10,4.068520736113013375e-02,4.068520736113013375e-02
-3.645878434696226966e-01,-7.548592056843620446e-01,2.555784489997680042e-01,9.546520502549288301e-02,2.000000000000000164e-05,2.595447901230646393e-01,1.455143132413115311e+10,2.145284963927865038e-02,2.145284963927865038e-02
9.473523715517839783e-02,-4.125680299102932880e-01,7.198950871922015216e-01,8.013273343454911657e-02,2.000000000000000164e-05,4.388555365832764177e-01,1.719139928778159332e+10,5.010950219283159812e-02,5.010950219283159812e-02
-3.404967688417098737e-01,5.514328443490666976e-01,5.656938996294607058e-01,8.896340536093087781e-02,2.000000000000000164e-05,3.207119068696721587e-01,1.708411537176523399e+10,2.203956916591036028e-02,2.203956916591036028e-02
-3.211369250530741737e-01,-7.312135506642601923e-01,3.219714189054483922e-01,8.899726159507423406e-02,2.000000000000000164e-05,3.203460247093740665e-01,1.803034953156722260e+10,1.064264141815720981e-02,1.064264141815720981e-02
-8.057783197981702727e-01,-1.535999319801109320e-01,2.049594108172653750e-01,8.377805300038371206e-02,2.000000000000000164e-05,3.840252785647202960e-01,1.717902471951108932e+10,1.332908739341918470e-03,1.332908739341918470e-03
3.161944300317594270e-02,-6.574847869983163617e-01,5.381224174074238364e-01,8.538368548510058553e-02,2.000000000000000164e-05,3.627651153839226428e-01,1.432387197584305954e+10,3.295231800646654385e-02,3.295231800646654385e-02
2.720019561385487172e-01,-2.944947371041459205e-01,7.864427536672011776e-01,9.695053837712129530e-02,2.000000000000000164e-05,2.477971842128879332e-01,1.281942628346628189e+10,5.070629362455280065e-01,5.070629362455280065e-01
3.147835305356875418e-02,1.758145508795554701e-01,8.496524435448764567e-01,9.085016094101126816e-02,2.000000000000000164e-05,3.011422262066485445e-01,1.380519603815443230e+10,4.062976880726243967e-01,4.062976880726243967e-01
-4.174029505688057196e-01,-5.347709335015107257e-01,5.647763670676791969e-01,9.702666069424038808e-02,2.000000000000000164e-05,2.472144264392703294e-01,1.474816712769379234e+10,6.931520931003064268e-02,6.931520931003064268e-02
-3.118431789591238346e-01,-6.355825827166162734e-01,3.927356713391026433e-01,7.426336690770607429e-02,2.000000000000000164e-05,5.513519174717215199e-01,2.798995722565201187e+10,1.430663697542438402e-04,1.430663697542438402e-04
3.064469495821235310e-04,-5.903867150908440609e-01,6.395584672010230509e-01,9.249441194155212653e-02,2.000000000000000164e-05,2.853657198702883036e-01,1.373427363447651672e+10,4.083721574805671550e-01,4.083721574805671550e-01
2.741413477547325894e-01,-2.895160336064255269e-01,6.394360283607050111e-01,6.490032060085636212e-02,2.000000000000000164e-05,8.260639141404811925e-01,3.560979912545590973e+10,1.513068401805230589e-04,1.513068401805230589e-04
5.182743390312395670e-02,-3.660531731100108432e-01,7.152520641066020257e-01,7.226572245340949496e-02,2.000000000000000164e-05,5.983509035426969325e-01,1.968147477133249283e+10,1.076688284170649592e-03,1.076688284170649592e-03
7.288828928071831859e-02,3.728071031730015861e-01,7.438751616316818804e-01,8.181802528641055061e-02,2.000000000000000164e-05,4.122912113052571437e-01,2.271465139423083496e+10,1.059085417630842296e-02,1.059085417630842296e-02
9.046122826747705903e-02,-2.594096004901105257e-01,7.269193138927648734e-01,6.830478390089290974e-02,2.000000000000000164e-05,7.085986115551615727e-01,2.938049829058853149e+10,8.747370678673751284e-04,8.747370678673751284e-04
1.144147736727510883e-01,5.280199123938711381e-01,6.104133482063321958e-01,7.579430776311574247e-02,2.000000000000000164e-05,5.186120672643612650e-01,2.567135750704093170e+10,2.197811227147426338e-03,2.197811227147426338e-03
-9.843642792425628951e-02,2.383117626502606057e-01,7.374110682524900318e-01,7.094594353913943885e-02,2.000000000000000164e-05,6.323689544152991671e-01,3.496430951998583984e+10,8.514456172443613533e-04,8.514456172443613533e-04
2.773139585411397989e-02,3.832723270163045093e-02,7.984854666450842409e-01,7.320233335815753972e-02,2.000000000000000164e-05,5.756759734856440325e-01,4.272777494264573669e+10,7.185224591313345982e-03,7.185224591313345982e-03
4.071719328721778997e-01,-5.223673371036504642e-01,4.717576239617040645e-01,7.630613903690697253e-02,2.000000000000000164e-05,5.082458616994216527e-01,2.425199294970821381e+10,5.703451999425004785e-04,5.703451999425004785e-04
1.654243976099981084e-01,3.003393204966715579e-01,6.771270495795487232e-01,6.297961114118430515e-02,2.000000000000000164e-05,9.039715128636954811e-01,2.552586419097895813e+10,1.613611655270236764e-04,1.613611655270236764e-04
3.415471830556345290e-01,1.758477992456858041e-01,7.121365285531922051e-01,7.367573519572465091e-02,2.000000000000000164e-05,5.646502830954096552e-01,2.356213868458483887e+10,2.358013065629696505e-03,2.358013065629696505e-03
6.207025585056043238e-02,7.199322453609290351e-01,4.028388102498736689e-01,7.944688153888498916e-02,2.000000000000000164e-05,4.503197904033295895e-01,2.366439006559399414e+10,3.625584668602825503e-04,3.625584668602825503e-04
-4.941521997613984030e-01,5.622317758025300455e-02,6.630221075640880812e-01,7.765782613244655297e-02,2.000000000000000164e-05,4.821660393790936916e-01,1.449392175449551201e+10,9.056833573793089676e-02,9.056833573793089676e-02
6.688017102440629857e-01,-4.200063146407524706e-02,4.999589744734887486e-01,7.860141753399067788e-02,2.000000000000000164e-05,4.650082188453362186e-01,1.291394467817001152e+10,1.461192762882885035e-02,1.461192762882885035e-02
-3.833175823923549719e-01,-2.589384995315731075e-01,6.537810106773749297e-01,7.327767655099522159e-02,2.000000000000000164e-05,5.739023614710330179e-01,3.148508955985692215e+10,3.337107680783390345e-03,3.337107680783390345e-03
-4.840097855204088528e-01,2.240543312820779676e-01,6.638865446170048035e-01,8.685966872446784781e-02,2.000000000000000164e-05,3.445841744949729168e-01,1.776901474204343414e+10,2.148363658773099275e-02,2.148363658773099275e-02
5.603165204948731271e-01,-3.070686783680410259e-01,6.030172209308550801e-01,9.686880314274645687e-02,2.000000000000000164e-05,2.484250253214422277e-01,1.327680832795160866e+10,2.095749545028328942e-01,2.095749545028328942e-01
-4.868727657109594292e-02,3.886585694473428387e-01,7.049259600219899280e-01,7.577250310582199500e-02,2.000000000000000164e-05,5.190599640766694334e-01,2.351923851660266495e+10,2.004086313610144339e-03,2.004086313610144339e-03
1.316804673996498365e-01,-2.516977404678112373e-01,7.956249082556682284e-01,8.295243124299994664e-02,2.000000000000000164e-05,3.956065178486175005e-01,2.078763217774507904e+10,5.029387348621606330e-02,5.029387348621606330e-02
-3.077153268299691602e-01,1.663781353572543198e-01,8.007514576505908588e-01,9.286892371795980872e-02,2.000000000000000164e-05,2.819280554710746345e-01,1.373481215036651039e+10,1.191198122089421885e-01,1.191198122089421885e-01
-7.270364749339229826e-01,2.625937658041597178e-01,3.714165811177418952e-01,8.811566839549839214e-02,2.000000000000000164e-05,3.300578767514316114e-01,1.344788732667371368e+10,4.517406618053876333e-02,4.517406618053876333e-02
3.710990961282614742e-01,-1.582547923037967708e-02,7.982017521306520313e-01,9.615838311085747603e-02,2.000000000000000164e-05,2.539720481233959659e-01,1.667528157809043884e+10,2.121607438311828298e-01,2.121607438311828298e-01
-5.855141946894357741e-01,-5.609568781089397937e-01,2.360920517435925736e-01,8.334286576591200257e-02,2.000000000000000164e-05,3.900725748165119744e-01,1.882230817921689987e+10,1.763492584905145336e-03,1.763492584905145336e-03
3.577422782025527215e-01,2.335683881578538290e-01,6.616206937857938009e-01,7.076329098284407648e-02,2.000000000000000164e-05,6.372784359030382317e-01,2.973433961407952118e+10,1.014429322116346685e-03,1.014429322116346685e-03
5.748827790847454988e-01,-4.409107459840733156e-01,3.845755073831220172e-01,7.573294414159562060e-02,2.000000000000000164e-05,5.198737994585918010e-01,1.516065460295883560e+10,2.500466723333776790e-03,2.500466723333776790e-03
3.159260882718625263e-01,7.922505804912938210e-03,8.180096834056236332e-01,9.519164152053280481e-02,2.000000000000000164e-05,2.617890856288511703e-01,1.284739053654783058e+10,2.817615992524332702e-01,2.817615992524332702e-01
-5.781688172478393062e-01,-2.329539901227918597e-01,5.552432476198484457e-01,7.849327992859304881e-02,2.000000000000000164e-05,4.669327720479977128e-01,1.538423792789693069e+10,2.905569314271094598e-03,2.905569314271094598e-03
-4.652244390169221200e-01,3.177357520461052132e-01,6.574228610182800692e-01,9.205293735096449492e-02,2.000000000000000164e-05,2.894912642161616700e-01,2.572560937306832123e+10,6.732952948652042025e-02,6.732952948652042025e-02
6.266622442162945728e-01,-5.013749074011601969e-01,3.218762981516769539e-01,9.221682878958917251e-02,2.000000000000000164e-05,2.879509267891698365e-01,1.158748023448981094e+10,9.868403212727008822e-02,9.868403212727008822e-02
-2.306243997521927880e-01,-2.675559261323431359e-01,6.811637773892086356e-01,6.628319282931187384e-02,2.000000000000000164e-05,7.754319909396061306e-01,4.025083956398154449e+10,1.545806618502159366e-04,1.545806618502159366e-04
3.045171731734792053e-01,-8.172092988437473782e-01,1.261160031024350370e-01,9.682298426477230213e-02,2.000000000000000164e-05,2.487778774839711771e-01,1.530072327157022476e+10,4.557747295092547633e-03,4.557747295092547633e-03
5.654506230165927683e-01,1.861510262486521516e-01,5.399388654880300509e-01,7.454003265395246769e-02,2.000000000000000164e-05,5.452353347352175694e-01,2.834350900065647888e+10,6.408519884474483562e-04,6.408519884474483562e-04
7.471168669014809360e-01,-4.049329631414975705e-01,1.270845679201470513e-01,8.835563256339465377e-02,2.000000000000000164e-05,3.273759127493185428e-01,1.511619205577997971e+10,1.320010953830985537e-04,1.320010953830985537e-04
-1.029241538125514333e-01,-4.359384120831402143e-01,6.263296141129408579e-01,6.593113167495318061e-02,2.000000000000000164e-05,7.879205661768298175e-01,3.190579893645719528e+10,2.794008140968620951e-04,2.794008140968620951e-04
4.783918779806320964e-01,-4.167306641291423364e-01,5.854347913121009661e-01,9.180716731265496644e-02,2.000000000000000164e-05,2.918224671447620655e-01,1.683346532674393082e+10,5.307452951673739122e-02,5.307452951673739122e-02
2.464548633531723210e-01,9.378771428002725952e-02,7.406971060374676341e-01,6.624850075424759677e-02,2.000000000000000164e-05,7.766508398474309960e-01,1.402744793775947952e+10,1.254352996190357230e-03,1.254352996190357230e-03
1.861524879217434092e-01,-3.085918816705353063e-01,6.575629704755919791e-01,6.375163989794392638e-02,2.000000000000000164e-05,8.715258182753448102e-01,4.183153785771683502e+10,3.579023919682656281e-04,3.579023919682656281e-04
-6.427257156768885205e-01,-3.313625066104988748e-01,5.074102184911786217e-01,9.796637178415229519e-02,2.000000000000000164e-05,2.401682768082969988e-01,1.433985854191263771e+10,2.105018214441678470e-01,2.105018214441678470e-01
-2.036652900618846906e-01,-6.887252853571945721e-01,4.873875556229075867e-01,9.195246438640845843e-02,2.000000000000000164e-05,2.904412691980091110e-01,1.225643559593784142e+10,2.110684062092002544e-01,2.110684062092002544e-01
-3.586200676751309935e-01,-3.355690737011001179e-01,6.723000434759502930e-01,8.071623035903209564e-02,2.000000000000000164e-05,4.294065830853744381e-01,2.556994612362902451e+10,5.128179046061285933e-03,5.128179046061285933e-03
1.702153963349332666e-01,-7.416780428095662847e-01,4.285384443382724839e-01,9.466657614226595130e-02,2.000000000000000164e-05,2.661694911492519244e-01,1.432534446597830772e+10,2.627079600336367227e-01,2.627079600336367227e-01
-5.804554682291542811e-01,2.644162511237201363e-01,4.265426438659504216e-01,6.487133978916752308e-02,2.000000000000000164e-05,8.271715310966587520e-01,2.858933342203678513e+10,1.052440431353129187e-04,1.052440431353129187e-04
6.753595200392324971e-01,3.095724770830236561e-01,4.614144508707591630e-01,9.593164731890908847e-02,2.000000000000000164e-05,2.557771909644325214e-01,1.478304282968437386e+10,2.112087867184459650e-02,2.112087867184459650e-02
4.874350340461320319e-01,-4.139232327057201788e-01,4.854298060439728446e-01,7.359369389717503041e-02,2.000000000000000164e-05,5.665407982748865701e-01,2.545528759138831329e+10,2.736181194754340440e-04,2.736181194754340440e-04
3.142309267956698848e-01,-2.115886395331935677e-01,7.328895115856298714e-01,7.886817932537698583e-02,2.000000000000000164e-05,4.603056039782896791e-01,2.397525644708815002e+10,6.884450453486556758e-03,6.884450453486556758e-03
-2.756182534687591223e-01,2.467329089415992993e-01,6.781405335797652256e-01,6.778402088964201322e-02,2.000000000000000164e-05,7.250563524446744790e-01,3.451350652138647461e+10,4.040425109758531198e-04,4.040425109758531198e-04
1.823857179198019873e-01,-5.807466750354114415e-01,5.487374979408239373e-01,7.505404825960253212e-02,2.000000000000000164e-05,5.341093222669317520e-01,1.211676310090474892e+10,2.833290927215239077e-02,2.833290927215239077e-02
-8.599656694081959651e-01,6.389022925504017625e-02,3.036721584043279853e-01,1.140679703359893105e-01,2.000000000000000164e-05,1.521420515186745204e-01,1.362961521774457932e+10,1.103627758078998128e-01,1.103627758078998128e-01
-1.313245580667196100e-01,5.624244606294478283e-02,7.481305611797743893e-01,6.573836397701132706e-02,2.000000000000000164e-05,7.948723321016138987e-01,3.489861626960019684e+10,1.811022785897678608e-04,1.811022785897678608e-04
7.381251809422995080e-01,-8.914735799719697429e-02,4.220686416851664458e-01,8.619047516612649007e-02,2.000000000000000164e-05,3.526729817057133731e-01,1.535133195251538658e+10,5.250994969928293732e-02,5.250994969928293732e-02
3.616289749581816718e-03,3.414782022777507753e-01,8.299054716914656682e-01,1.034109711096442147e-01,2.000000000000000164e-05,2.041948864430645771e-01,1.407768466208467102e+10,4.822950607914727184e-01,4.822950607914727184e-01
-5.027139098011487173e-01,6.498403656832337782e-01,2.619787436922595969e-01,8.902900776175746989e-02,2.000000000000000164e-05,3.200034519280508527e-01,1.424676999368908119e+10,3.657062679590892661e-03,3.657062679590892661e-03
-3.801104310610395887e-01,-4.970931957920590727e-01,5.515498186725228402e-01,8.025679812261814206e-02,2.000000000000000164e-05,4.368234415141842852e-01,2.263188744563261414e+10,1.045817356408707552e-03,1.045817356408707552e-03
-3.835782876407441422e-01,2.272907940339412292e-01,6.322449450167308971e-01,6.904305631533759480e-02,2.000000000000000164e-05,6.861096399918789057e-01,3.518174039751472473e+10,1.418584906098191510e-04,1.418584906098191510e-04
9.106488805818428733e-02,-7.496768148078751803e-01,3.828908317923370164e-01,8.350683905930422757e-02,2.000000000000000164e-05,3.877792165513105904e-01,3.085242872368215179e+10,1.844039680309330145e-02,1.844039680309330145e-02
8.906605939681193351e-02,2.836229401133389880e-02,7.802767758376687457e-01,6.932330127601459002e-02,2.000000000000000164e-05,6.778222136904070716e-01,2.871087250069550323e+10,3.255557109565704668e-03,3.255557109565704668e-03
-2.169503549276970422e-01,-5.007663736186345194e-01,6.709496364718291472e-01,8.946168092363239455e-02,2.000000000000000164e-05,3.153827838080632828e-01,1.279052342449842072e+10,1.339911747875916770e-01,1.339911747875916770e-01
-4.751827679943570470e-01,5.757912996048762944e-01,3.873400255255751157e-01,8.109417005804223089e-02,2.000000000000000164e-05,4.234306888972284577e-01,1.181128535367999458e+10,3.744436058618830221e-02,3.744436058618830221e-02
1.691304897596617451e-01,-8.686796495083761727e-01,1.503539766115349618e-01,1.031019771864116891e-01,2.000000000000000164e-05,2.060363476544936623e-01,1.234945616925562286e+10,2.695671966691719559e-02,2.695671966691719559e-02
-7.041527048629430130e-01,2.637687675172494806e-01,4.042540176450301059e-01,8.632879280271013589e-02,2.000000000000000164e-05,3.509804825524117655e-01,1.298718149644389915e+10,4.691439191890307142e-02,4.691439191890307142e-02
5.952479791513569651e-01,7.279743370247312995e-02,6.066819843616014785e-01,8.501050735906734435e-02,2.000000000000000164e-05,3.675635832651932833e-01,1.272290171920269585e+10,5.655648067673006707e-02,5.655648067673006707e-02
-5.089979358290611655e-01,-2.593040954002391874e-01,6.116938649388879989e-01,8.005827324385196564e-02,2.000000000000000164e-05,4.400811793208558309e-01,2.030841960822361755e+10,5.027129442180974968e-03,5.027129442180974968e-03
3.594803427501345183e-01,5.879430054521087023e-02,7.109002891513457323e-01,7.133649622163336368e-02,2.000000000000000164e-05,6.220393232144937334e-01,3.078710355109694672e+10,4.226557164524321827e-03,4.226557164524321827e-03
-3.564228113410194410e-01,1.594304046981527556e-01,7.191273630477627021e-01,7.569138972603246807e-02,2.000000000000000164e-05,5.207304208205444374e-01,1.998651922826400757e+10,3.588233483748797664e-02,3.588233483748797664e-02
-3.808268655333659769e-01,-9.035245354333010237e-02,7.784914034280082662e-01,9.138806516686737158e-02,2.000000000000000164e-05,2.958558485930589677e-01,1.302842608610988045e+10,3.972352802852278653e-01,3.972352802852278653e-01
2.190544022645104782e-01,5.435983483698029195e-01,5.367731748626825006e-01,7.054191439680540521e-02,2.000000000000000164e-05,6.432979596803467537e-01,2.796258641450608444e+10,8.001734977300885331e-04,8.001734977300885331e-04
3.500118778319696311e-01,-7.851311661601918512e-01,1.370688595914537067e-01,9.176246027964637952e-02,2.000000000000000164e-05,2.922496442303078590e-01,1.437121344663193321e+10,2.122292236254840359e-03,2.122292236254840359e-03
-2.772413631994275485e-01,8.410357090328138274e-02,7.731062002205532080e-01,7.800664331793780160e-02,2.000000000000000164e-05,4.757262710521399374e-01,2.661801983398095703e+10,5.649346787910273886e-03,5.649346787910273886e-03
-5.545383837991659653e-02,-8.209778718441402834e-01,3.114504876611538520e-01,9.523600336924691045e-02,2.000000000000000164e-05,2.614233402431593856e-01,1.356053217805472374e+10,5.204037498687726776e-02,5.204037498687726776e-02
-2.221697771220015882e-02,6.002083400746101027e-01,5.640156107222923376e-01,7.702336544486500236e-02,2.000000000000000164e-05,4.941793961335834151e-01,1.949583158268984985e+10,3.839786227822203791e-03,3.839786227822203791e-03
-1.280507435343336553e-01,-5.280574345374895451e-01,5.405012846765032686e-01,6.437374710679906464e-02,2.000000000000000164e-05,8.465017957764372492e-01,2.836074438134100723e+10,1.663775481343245739e-04,1.663775481343245739e-04
-1.619115474005975441e-01,-1.558795730171557217e-02,7.764569935777454468e-01,7.142423320306467982e-02,2.000000000000000164e-05,6.197508534275162351e-01,2.951028286427097321e+10,1.040827446242591518e-03,1.040827446242591518e-03
4.872002248452517725e-01,-1.702807026459550455e-01,6.343613858109623527e-01,7.501875175760694403e-02,2.000000000000000164e-05,5.348636175986674068e-01,2.031025271065010452e+10,1.478521615039492601e-02,1.478521615039492601e-02
2.521337261965698739e-01,-3.500920055473948356e-01,6.314935283691923695e-01,6.580454552459739925e-02,2.000000000000000164e-05,7.924764474385311841e-01,2.826390526105075836e+10,1.065968668641414843e-04,1.065968668641414843e-04
-8.514726649105965883e-01,2.373413428631005462e-01,-1.848164029475652184e-02,9.689964377936217954e-02,2.000000000000000164e-05,2.481878415504721880e-01,1.291099949236526680e+10,3.282628743722968518e-04,3.282628743722968518e-04
2.845777125235811611e-01,5.921650889403740070e-02,7.919319251767058532e-01,8.181086484643770862e-02,2.000000000000000164e-05,4.123994843298192103e-01,1.574672064558792877e+10,2.130376566357650436e-01,2.130376566357650436e-01
3.257003991868239606e-02,4.220948214951604216e-01,7.555568113942641162e-01,9.190155437428715324e-02,2.000000000000000164e-05,2.909245454264227093e-01,1.959698222703312302e+10,5.695413023407872727e-02,5.695413023407872727e-02
3.885931330294727371e-01,4.697283168525204777e-01,6.092899654005001775e-01,8.898684794162384226e-02,2.000000000000000164e-05,3.204585052695298475e-01,1.454940798794050980e+10,4.637805208311793909e-02,4.637805208311793909e-02
9.346657686200000870e-02,-2.035221083552116172e-01,8.894102232445065814e-01,1.109762828202290885e-01,2.000000000000000164e-05,1.652157132462199474e-01,1.374707918106283188e+10,1.000000000000000000e+00,1.000000000000000000e+00
6.616824883077461472e-02,-4.235502314347012187e-01,6.539420286282222605e-01,6.695413105177493163e-02,2.000000000000000164e-05,7.523531416650942605e-01,2.267621226366772842e+10,1.335717747287392765e-04,1.335717747287392765e-04
6.876752292005050560e-01,-5.562931141708589156e-01,3.479151817062835217e-02,9.735145666297850831e-02,2.000000000000000164e-05,2.447482743137243955e-01,1.155434140915726471e+10,1.303428383891338128e-04,1.303428383891338128e-04
-2.986372105788140038e-02,6.935098268417781986e-01,4.410353571543374485e-01,7.832758169044104490e-02,2.000000000000000164e-05,4.699024445168056285e-01,2.579937111584802246e+10,4.744865300291050076e-04,4.744865300291050076e-04
-6.418906292169344052e-01,3.302705682645845076e-01,3.688899153614185744e-01,7.426872164483963590e-02,2.000000000000000164e-05,5.512326127165317891e-01,2.255678212894310760e+10,1.157826803087191729e-04,1.157826803087191729e-04
6.115830679328698727e-01,3.398067025431667498e-01,4.626900418945161797e-01,8.238383514872503477e-02,2.000000000000000164e-05,4.038544896747359170e-01,1.708333594811674309e+10,1.314489049882140367e-03,1.314489049882140367e-03
3.591646554447295303e-01,1.247612665789113451e-01,6.872622644113109969e-01,6.917542914647836771e-02,2.000000000000000164e-05,6.821783600978007511e-01,2.782473509429976273e+10,1.098755635231935717e-03,1.098755635231935717e-03
-2.555176539789735801e-02,1.418089964550819093e-01,7.833294601524376510e-01,7.161953800143708304e-02,2.000000000000000164e-05,6.146934606487896025e-01,2.524965844692561340e+10,1.724436266060662632e-03,1.724436266060662632e-03
-5.190693599851733397e-01,6.256420568714278208e-01,2.697916465884869774e-01,8.714523110539881823e-02,2.000000000000000164e-05,3.412077459621689624e-01,1.311910534157254028e+10,1.349491355419442894e-02,1.349491355419442894e-02
5.283814002160073242e-01,-6.557362483024379296e-01,1.734887039744704151e-01,8.926762995269417467e-02,2.000000000000000164e-05,3.174440445401930933e-01,1.920457994076392746e+10,5.214172194701465228e-04,5.214172194701465228e-04
-3.175146132155234890e-01,3.298410065395989549e-02,8.067008528498130771e-01,8.992566176769078989e-02,2.000000000000000164e-05,3.105260862456962201e-01,1.388050699737611198e+10,2.130013347857120376e-01,2.130013347857120376e-01
-3.129487308498274944e-01,4.078891225333584614e-01,6.963688802897542995e-01,9.072896136529313982e-02,2.000000000000000164e-05,3.023506979685302576e-01,1.455222199811981773e+10,4.861257940595616056e-02,4.861257940595616056e-02
5.295978155025812262e-01,9.282610011442841980e-02,5.832853370939843352e-01,6.941609786534487514e-02,2.000000000000000164e-05,6.751074347798048381e-01,2.412807219985740280e+10,1.464488991081913053e-03,1.464488991081913053e-03
1.392242500842539588e-01,-3.765336472728648132e-01,7.017558717144970482e-01,7.426042147226526169e-02,2.000000000000000164e-05,5.514175012169116874e-01,2.706442688648856735e+10,7.853280484795126595e-03,7.853280484795126595e-03
-1.867094717556282493e-02,-3.959177757507200135e-01,6.905163201059286715e-01,7.056264455559403681e-02,2.000000000000000164e-05,6.427313570334575177e-01,2.389396437015991211e+10,1.032253530119323342e-03,1.032253530119323342e-03
-4.472574664839241154e-01,-4.634543505600589586e-01,5.961379476249607512e-01,9.414336742950329961e-02,2.000000000000000164e-05,2.706321579042264558e-01,1.497221563633997726e+10,1.066098353093067885e-01,1.066098353093067885e-01
-7.397865461407934218e-01,4.968227629595188266e-01,8.902718839183004773e-03,9.894211893249792167e-02,2.000000000000000164e-05,2.331327462766861758e-01,1.323241132527862167e+10,6.425022784935214117e-04,6.425022784935214117e-04
-3.116647366912402295e-01,2.603230133997672668e-01,7.102098734060866558e-01,7.626760370882634810e-02,2.000000000000000164e-05,5.090166185265725396e-01,1.747154069052322769e+10,7.790406584042276934e-03,7.790406584042276934e-03
1.829244236518475231e-01,-2.503585153602866376e-01,7.216430121739826342e-01,6.948348291481080963e-02,2.000000000000000164e-05,6.731451793159559660e-01,2.794876864107725143e+10,3.631797060598308466e-03,3.631797060598308466e-03
-4.009007376506626974e-01,-3.600203969694706352e-01,6.117423949600626631e-01,7.704118330137528503e-02,2.000000000000000164e-05,4.938380081319438952e-01,3.031251372325418472e+10,3.505352375531363592e-04,3.505352375531363592e-04
4.363726527841516045e-01,1.089463963067701102e-01,7.289970003502826978e-01,8.734701723367933879e-02,2.000000000000000164e-05,3.388484251903561284e-01,2.077477777941313934e+10,9.795565844569870118e-02,9.795565844569870118e-02
-2.879582447234423359e-01,-6.826442839124268191e-01,4.405102739513759302e-01,8.915304790346781361e-02,2.000000000000000164e-05,3.186696053551091312e-01,1.479962252687514496e+10,1.053445719130001595e-01,1.053445719130001595e-01
2.001299864255720318e-01,3.507833615147361583e-01,7.496026985065530335e-01,8.524929844387246769e-02,2.000000000000000164e-05,3.644834396527394382e-01,1.559000630108178520e+10,5.532575533328934481e-02,5.532575533328934481e-02
-2.703279313368482928e-01,-3.030534938512166598e-01,6.676207065515915584e-01,6.839133072917069622e-02,2.000000000000000164e-05,7.059139321799345890e-01,2.512257158673109055e+10,1.815250551319396301e-04,1.815250551319396301e-04
-5.851928812402578117e-01,3.721101997754303059e-01,4.433761516203200692e-01,7.735681106142100472e-02,2.000000000000000164e-05,4.878163586697515375e-01,1.746136264536166382e+10,1.038778825239850597e-03,1.038778825239850597e-03
-3.951435372385140310e-01,6.760508187627122245e-01,4.059778936713000497e-01,9.666537972384414701e-02,2.000000000000000164e-05,2.499967484238157789e-01,1.411124146665649223e+10,8.074953797384919196e-02,8.074953797384919196e-02
-1.535519220527295503e-01,-8.270053682102046499e-01,2.223005043434025940e-01,9.118209462597520742e-02,2.000000000000000164e-05,2.978653406186160812e-01,1.246394021755395889e+10,2.332925044454480998e-02,2.332925044454480998e-02
5.421505112362424716e-01,4.688140211924652911e-01,5.062716140728202863e-01,9.549644985484252724e-02,2.000000000000000164e-05,2.592901665712074033e-01,1.809022940627323914e+10,4.921965795407192562e-02,4.921965795407192562e-02
-1.558898505157096104e-01,-3.836219573705754726e-01,6.864244100605320087e-01,7.195987462259285927e-02,2.000000000000000164e-05,6.060131192625615171e-01,2.458519682906135178e+10,4.604053190223888494e-04,4.604053190223888494e-04
-6.824923375243704404e-01,2.390349357025168056e-03,4.825949370374723046e-01,8.030194627563350118e-02,2.000000000000000164e-05,4.360870557057534014e-01,1.706446590407883072e+10,4.923873733837540873e-02,4.923873733837540873e-02
-1.023577180940321574e-01,4.384773947629416191e-01,7.305791372100720604e-01,8.898347546900768623e-02,2.000000000000000164e-05,3.204949434398122743e-01,1.883727322674155426e+10,4.289283799489414933e-02,4.289283799489414933e-02
-7.956291907914015971e-01,1.915361130617833640e-01,2.141020126435464743e-01,8.325784831505245176e-02,2.000000000000000164e-05,3.912687642148655054e-01,1.113981922358142281e+10,5.806474239240099790e-03,5.806474239240099790e-03
3.687987751747878185e-01,2.215216934413736377e-02,6.900135178503428168e-01,6.906257900173419506e-02,2.000000000000000164e-05,6.855279533066152009e-01,3.062688113118509293e+10,1.314717905312704545e-03,1.314717905312704545e-03
-6.002076913753754371e-03,-6.293557708685919572e-01,4.884280275662619131e-01,6.833833563184610327e-02,2.000000000000000164e-05,7.075554242787965853e-01,1.705429707592205238e+10,7.138269634343419410e-04,7.138269634343419410e-04
8.136067915524500260e-02,-4.951470984156592509e-02,7.722779037463896046e-01,6.735977685696740991e-02,2.000000000000000164e-05,7.388425360911563544e-01,2.400195167265007401e+10,2.213543911213888252e-04,2.213543911213888252e-04
4.189439894530730402e-01,-7.081483255934725163e-01,2.246586559315909282e-01,8.567920942157522535e-02,2.000000000000000164e-05,3.590242482073985886e-01,1.842998859413134384e+10,9.532447991295978779e-03,9.532447991295978779e-03
-7.102267818378784625e-01,-7.860745152150463988e-02,3.413803711817798292e-01,7.116889559119075892e-02,2.000000000000000164e-05,6.264443911889113759e-01,2.899960667458383942e+10,3.621962995509626069e-04,3.621962995509626069e-04
-5.116523989781966986e-01,1.947360571484410274e-01,6.659680126992112426e-01,9.055435945089371219e-02,2.000000000000000164e-05,3.041039834791757213e-01,1.621675284916343498e+10,2.163662307649293903e-01,2.163662307649293903e-01
1.228404137525332257e-01,-1.552407274620843103e-01,7.839168634886383158e-01,7.476460968221294856e-02,2.000000000000000164e-05,5.403366526765147615e-01,2.986930796957593918e+10,4.323569427360195172e-03,4.323569427360195172e-03
-6.768470913130193722e-02,7.645919621205863326e-01,4.705061326377832920e-01,1.045142031136264971e-01,2.000000000000000164e-05,1.977963915155410979e-01,1.588723396030028915e+10,4.174756699967810403e-01,4.174756699967810403e-01
5.095221877603139937e-01,-3.098255477904444111e-01,6.295635061426809731e-01,9.173118883212924568e-02,2.000000000000000164e-05,2.925489414331468030e-01,1.266847932700737381e+10,9.370833046750130790e-02,9.370833046750130790e-02
-5.704783480698381037e-01,4.322368555937562001e-02,5.591985587369583399e-01,7.032045227096504758e-02,2.000000000000000164e-05,6.493941402865376356e-01,2.193949784492187500e+10,1.083736342463436373e-03,1.083736342463436373e-03
8.548881900541105416e-01,-8.770286148660355607e-02,1.127661640347832617e-01,9.227295391448191164e-02,2.000000000000000164e-05,2.874253583630300701e-01,1.260952136454343796e+10,1.616048740886789556e-02,1.616048740886789556e-02
-4.538561960936889905e-01,7.103774410464080979e-01,2.407913793805967484e-01,9.492879454913222270e-02,2.000000000000000164e-05,2.639696476967423044e-01,1.811345923691099167e+10,1.221050115676694005e-02,1.221050115676694005e-02
2.829034226899443949e-01,4.751304388191194272e-01,5.800765962754482752e-01,7.241336281020149812e-02,2.000000000000000164e-05,5.946985827448144635e-01,2.879553694237449265e+10,5.811623757947508712e-03,5.811623757947508712e-03
-7.175154711901483573e-01,-2.987738121995224261e-01,3.578922464782704482e-01,8.771853495875710227e-02,2.000000000000000164e-05,3.345611452318821843e-01,1.796339990642791748e+10,4.618259494205669870e-03,4.618259494205669870e-03
1.155981694866086568e-01,-1.838152723896535334e-01,7.214020433631195273e-01,6.426197283525202086e-02,2.000000000000000164e-05,8.509290761569303640e-01,3.124265631737937164e+10,5.438824790649268151e-04,5.438824790649268151e-04
-4.670637180022606527e-01,4.826822691460599390e-01,5.456536445068664865e-01,9.199481927975242113e-02,2.000000000000000164e-05,2.900402838474463452e-01,1.454552287476873779e+10,5.482840469376969866e-02,5.482840469376969866e-02
-2.685781382564779718e-01,-5.197707833033827773e-01,6.502887777167797312e-01,9.377368555126319727e-02,2.000000000000000164e-05,2.738452581289983478e-01,2.055035325097109604e+10,1.886599189672688304e-01,1.886599189672688304e-01
-6.858937985384689906e-01,-4.861125849828178414e-01,1.983387526205810658e-01,8.944763794999720241e-02,2.000000000000000164e-05,3.155313521898219231e-01,1.414458146100863647e+10,4.117632196975459791e-03,4.117632196975459791e-03
-5.789909989614666630e-01,-6.588407491319244746e-01,4.617785874335381124e-02,9.752023830258374493e-02,2.000000000000000164e-05,2.434796420381496462e-01,1.305825048699402809e+10,6.014863371714646110e-04,6.014863371714646110e-04
-1.064240469583624532e-01,2.811365484391704084e-01,8.328523937780335507e-01,9.724589996071754394e-02,2.000000000000000164e-05,2.455461322126545332e-01,1.242923470903325272e+10,5.394577700553279120e-01,5.394577700553279120e-01
-5.131551442316557576e-01,6.712349967345337953e-01,1.893462533094127653e-01,9.098202833732864370e-02,2.000000000000000164e-05,2.998346901829079258e-01,2.002019520222611237e+10,3.548283388251218667e-02,3.548283388251218667e-02
-6.457626207926514539e-01,5.972951445023345629e-01,2.126664028664281558e-01,1.075561686057466410e-01,2.000000000000000164e-05,1.814836151210840742e-01,1.707626452969157600e+10,5.403129250859807498e-02,5.403129250859807498e-02
-3.107837948383532778e-01,5.019248828997350254e-01,5.707849086253938831e-01,7.712960021530787524e-02,2.000000000000000164e-05,4.921402006675864027e-01,2.116347747549279785e+10,1.139255702301087206e-02,1.139255702301087206e-02
-8.019720397352436692e-01,3.992964644979977162e-01,-1.119890359518872433e-02,1.005223807129603103e-01,2.000000000000000164e-05,2.223092069194143872e-01,1.698691309894512367e+10,3.810663696411120769e-03,3.810663696411120769e-03
3.237177898754615701e-01,-4.917141180797521272e-01,6.310780353505232032e-01,9.042951044837845009e-02,2.000000000000000164e-05,3.053643529724811567e-01,1.425962312864823341e+10,2.196305655143135915e-01,2.196305655143135915e-01
7.197406736613785050e-01,-1.457275839356142189e-01,4.669750993257234528e-01,9.271819748541464123e-02,2.000000000000000164e-05,2.833043759123589633e-01,1.367182169552333069e+10,2.060244931525379852e-01,2.060244931525379852e-01
9.761592438635062485e-02,3.971413530015284743e-01,6.535245823965011303e-01,6.638890573102343429e-02,2.000000000000000164e-05,7.717336318079409674e-01,3.018968487382353592e+10,7.279724780655337903e-04,7.279724780655337903e-04
7.315697889788114194e-01,-2.663318384558014396e-01,3.073899015316005068e-01,8.224401302900335997e-02,2.000000000000000164e-05,4.059177863215604476e-01,2.134225171601045990e+10,3.387160161130677765e-04,3.387160161130677765e-04
4.313058624595596524e-01,4.797557799901719933e-01,4.733584903653376141e-01,7.272084797101212306e-02,2.000000000000000164e-05,5.871867283700847873e-01,2.817857313817893600e+10,6.833719129683854619e-04,6.833719129683854619e-04
-4.212012433669172773e-01,-8.338676796644067801e-02,6.713504482859538047e-01,7.284117477713332456e-02,2.000000000000000164e-05,5.842820044261627377e-01,3.326486143411515427e+10,1.817662656666336595e-03,1.817662656666336595e-03
-5.763700745600232045e-01,-3.327580990255921689e-01,4.748760558226882145e-01,7.618462174793236286e-02,2.000000000000000164e-05,5.106821178497884528e-01,2.429854051954901886e+10,1.667377105951883603e-03,1.667377105951883603e-03
-4.321031352000292286e-02,8.283048081418026287e-02,8.514788143055592728e-01,8.588125054254457102e-02,2.000000000000000164e-05,3.564962814445034045e-01,1.985063152164699936e+10,1.838055165898239973e-01,1.838055165898239973e-01
-1.275969617384356825e-01,-6.151546339060010027e-01,4.981198745381738568e-01,7.160375487006205575e-02,2.000000000000000164e-05,6.151000022526040834e-01,2.908924779076270676e+10,2.357473866932279665e-04,2.357473866932279665e-04
1.195587029506386123e-01,2.862439307125055898e-01,7.601467445749672258e-01,7.789313454580813756e-02,2.000000000000000164e-05,4.778090829227836789e-01,2.363088267527584076e+10,4.644182960085326516e-03,4.644182960085326516e-03
-8.550050343066458725e-01,-3.501063479161689584e-02,1.435636356700824567e-01,9.236617943901034855e-02,2.000000000000000164e-05,2.865559200422487240e-01,1.589020818286595917e+10,3.018334754565563799e-03,3.018334754565563799e-03
1.922148296489685770e-01,5.244850392880620049e-01,5.540339144761894374e-01,6.910090494210582857e-02,2.000000000000000164e-05,6.843896424060741390e-01,2.762142688165398026e+10,5.007389684556271372e-04,5.007389684556271372e-04
1.415706731934302243e-01,5.156572307053284288e-01,5.927903284440277920e-01,7.179982801576248463e-02,2.000000000000000164e-05,6.100750061051580797e-01,2.341527620560913467e+10,8.180749707797510886e-04,8.180749707797510886e-04
3.430707282254742974e-01,-5.030242108493330200e-01,4.853632620560540123e-01,6.769203823535525910e-02,2.000000000000000164e-05,7.280161036004687558e-01,2.572080022748805618e+10,1.109193518903229647e-04,1.109193518903229647e-04
5.084718854595416532e-02,9.847420139626170132e-02,7.845946050296813690e-01,7.151333906929926987e-02,2.000000000000000164e-05,6.174360236875018337e-01,3.489927084495671082e+10,1.915617612605954347e-03,1.915617612605954347e-03
-3.077462204000822391e-02,8.547211447709847087e-01,2.367741574066140331e-01,9.915453553286023014e-02,2.000000000000000164e-05,2.316372995077968233e-01,1.432102718482179070e+10,1.991099454875248226e-02,1.991099454875248226e-02
-7.990756515703744123e-01,-3.617118984733531592e-03,2.434810451939925791e-01,8.244066281623904646e-02,2.000000000000000164e-05,4.030199010525835623e-01,2.376080595190806198e+10,4.182614613626152249e-04,4.182614613626152249e-04
3.150687580445781233e-01,4.858872745772037094e-01,6.475281355570439157e-01,9.247668657881816245e-02,2.000000000000000164e-05,2.855298462701068574e-01,1.322489792330834389e+10,2.592613149165168829e-01,2.592613149165168829e-01
2.005249057747321983e-01,2.693383155423514363e-01,6.914315735098268689e-01,6.502817186676820849e-02,2.000000000000000164e-05,8.212035257193291971e-01,2.549416335917949295e+10,7.957055770661687882e-04,7.957055770661687882e-04
1.720244139152105889e-01,7.851756924950137329e-01,3.662695439715641932e-01,9.705790884002016283e-02,2.000000000000000164e-05,2.469757028091104645e-01,2.254071416929897690e+10,3.687486157204188097e-02,3.687486157204188097e-02
3.018692510455233680e-01,-4.601096516869535025e-02,7.584489258504060194e-01,7.731139268108194740e-02,2.000000000000000164e-05,4.886766343838975235e-01,3.230685478699050140e+10,9.886157124366369217e-03,9.886157124366369217e-03
-1.053144609275096649e-01,-2.986370157284737314e-01,7.595297068838304799e-01,7.695134558909212663e-02,2.000000000000000164e-05,4.955682644415227989e-01,2.244498849452571487e+10,2.624986271816948883e-03,2.624986271816948883e-03
2.071381656551732064e-01,-1.612331936250871733e-01,7.662587452794094034e-01,7.355891572035666570e-02,2.000000000000000164e-05,5.673445492324280526e-01,2.052172382661751938e+10,9.577781525401753192e-04,9.577781525401753192e-04
3.414263324424428037e-01,-1.981029100483818750e-01,6.672131691696151501e-01,6.987979516558025239e-02,2.000000000000000164e-05,6.617569876803304219e-01,4.045185423701299286e+10,4.101272508310807173e-04,4.101272508310807173e-04
6.190138330723400362e-01,-2.341170199938829855e-01,5.071289407647610048e-01,8.135859536107656331e-02,2.000000000000000164e-05,4.193154227879344886e-01,1.735983006120695496e+10,4.837000799784467973e-03,4.837000799784467973e-03
-8.285526865548787923e-01,-2.231499979425937419e-01,1.476348421519924348e-01,9.304477142814787660e-02,2.000000000000000164e-05,2.803316973841029625e-01,1.341596932625606918e+10,3.458910029317245182e-03,3.458910029317245182e-03
1.173557395499525147e-01,5.896445267420056258e-01,5.266386580699483622e-01,7.065440407071899021e-02,2.000000000000000164e-05,6.402297778669739925e-01,2.517012553373019409e+10,7.459555669212466784e-04,7.459555669212466784e-04
-2.805247542470894473e-01,-1.047451169075616917e-01,7.205447831990272611e-01,6.834383335439553342e-02,2.000000000000000164e-05,7.073846851072430608e-01,2.850289911525762558e+10,1.555174840666613024e-04,1.555174840666613024e-04
-5.676039764741425131e-01,-2.877578517139449121e-01,5.865404358090584580e-01,8.952207822683598548e-02,2.000000000000000164e-05,3.147448706969572796e-01,1.324939314126822090e+10,1.927784917674825182e-01,1.927784917674825182e-01
-3.838838749056864286e-01,3.381137678781478972e-01,6.017474764804309206e-01,7.310053749971717751e-02,2.000000000000000164e-05,5.780852318501628062e-01,3.351447820419525528e+10,9.829427435673753106e-04,9.829427435673753106e-04
4.130354213711086020e-01,3.514496714613140060e-01,7.080392021289700910e-01,1.018400163699325484e-01,2.000000000000000164e-05,2.137912345703244787e-01,1.660172262560277748e+10,4.283900175897418783e-01,4.283900175897418783e-01
-1.522485491445136618e-01,1.748067605339429509e-01,7.295597049383856225e-01,6.777673513041287956e-02,2.000000000000000164e-05,7.252902034102063356e-01,4.586102738729953766e+10,2.410408700416467832e-04,2.410408700416467832e-04
-4.023833198984730908e-01,5.176227313955934495e-01,4.277628823823503845e-01,6.907719340449226808e-02,2.000000000000000164e-05,6.850929302537491772e-01,2.908526452208575821e+10,1.886821349050848452e-04,1.886821349050848452e-04
1.557746392706100824e-01,-2.254619322537222692e-01,7.197140839859593742e-01,6.653098862174357253e-02,2.000000000000000164e-05,7.667998271724667525e-01,2.685445382652376556e+10,1.846420657947869890e-04,1.846420657947869890e-04
-1.334998808564543393e-01,2.663698900127189906e-01,8.255380788238577683e-01,9.384072516274141740e-02,2.000000000000000164e-05,2.732591684138267474e-01,1.440937908953142548e+10,1.753987657097328956e-01,1.753987657097328956e-01
-5.295657117009154591e-02,6.983474665456569364e-01,4.015217744468636552e-01,7.487253864012521909e-02,2.000000000000000164e-05,5.380034070686395831e-01,2.739427254266878891e+10,1.055829880784543354e-04,1.055829880784543354e-04
2.705392378408368326e-01,-5.019533855430465819e-01,6.250714684626108575e-01,8.381172197300701399e-02,2.000000000000000164e-05,3.835686334171135026e-01,2.217878445269091797e+10,1.935382002037409205e-02,1.935382002037409205e-02
3.325683683482194009e-01,1.186233537608918087e-01,7.405820533393716598e-01,7.485239107009589166e-02,2.000000000000000164e-05,5.384377840548714156e-01,1.239185195932062721e+10,1.407054435653055935e-02,1.407054435653055935e-02
-7.322896586293453636e-01,-5.778820581540503737e-02,3.965373807044952903e-01,8.168324509325580740e-02,2.000000000000000164e-05,4.143354942289538823e-01,2.273779874659577560e+10,2.771938810263934339e-03,2.771938810263934339e-03
-1.991214311843403362e-01,-2.717729306077695250e-01,7.128368740390668146e-01,6.972591207059673779e-02,2.000000000000000164e-05,6.661497431039319350e-01,2.996037442009679413e+10,4.612520476106926181e-04,4.612520476106926181e-04
-3.319527289467978370e-01,-1.470267711021562840e-01,7.046053310293600713e-01,7.086198513605049265e-02,2.000000000000000164e-05,6.346193647564435381e-01,2.683270389279526901e+10,5.399668953836581813e-04,5.399668953836581813e-04
8.824530342964195251e-01,-8.847741199667920331e-02,-1.187952655521562484e-02,1.009241989283789637e-01,2.000000000000000164e-05,2.196644114777446533e-01,1.233976548457626724e+10,2.074307564462612129e-03,2.074307564462612129e-03
6.804054844143063441e-02,-2.104993840477008826e-01,8.053743796983769965e-01,8.121752283824561214e-02,2.000000000000000164e-05,4.215042729670982480e-01,3.308715253492240524e+10,1.109402397603807648e-02,1.109402397603807648e-02
-1.303409309849063169e-01,-8.925845648959532808e-01,-1.147915782452774008e-01,1.092696602336918621e-01,2.000000000000000164e-05,1.730787194184762456e-01,1.462090996052263832e+10,2.367229328197679907e-04,2.367229328197679907e-04
-5.687040838454349156e-01,-9.644200967665997326e-02,5.995310751923567105e-01,7.874300147382728987e-02,2.000000000000000164e-05,4.625043687405824278e-01,1.760387862422108459e+10,2.029833734907490056e-02,2.029833734907490056e-02
1.830953939816008791e-01,-5.588179585946352335e-01,6.671304502086240484e-01,1.028201235293095955e-01,2.000000000000000164e-05,2.077354348349643720e-01,1.518815994826299286e+10,5.412457903105433177e-01,5.412457903105433177e-01
3.013760166848857003e-02,-5.041165709093533565e-01,7.012614658941954682e-01,9.076230723295539149e-02,2.000000000000000164e-05,3.020175652339250338e-01,1.378592373894241714e+10,2.301813370499169176e-01,2.301813370499169176e-01
3.132806085176431665e-01,7.116019599425186248e-01,3.987588746442830567e-01,9.248507436884224886e-02,2.000000000000000164e-05,2.854530921856422987e-01,1.436631376201984596e+10,2.098607982617761158e-01,2.098607982617761158e-01
5.634490687179504187e-01,-4.079320471044259322e-01,5.151342110208136926e-01,9.249987077438831529e-02,2.000000000000000164e-05,2.853151996620420516e-01,1.330875720255548286e+10,8.989218625793128636e-02,8.989218625793128636e-02
-3.417502359471010220e-01,-5.907407315451669305e-01,4.641860602272649405e-01,7.711491905101082456e-02,2.000000000000000164e-05,4.924213798587276369e-01,2.065282429719832611e+10,1.808460763832409231e-03,1.808460763832409231e-03
-6.399771163174118593e-02,-7.511154839749686341e-01,3.899563603439770709e-01,8.357217230768300420e-02,2.000000000000000164e-05,3.868767229658660045e-01,1.920816837018528748e+10,4.106862591746542057e-02,4.106862591746542057e-02
5.398503111738459648e-01,2.678066037601862237e-01,5.221444929747417474e-01,7.370380595764763898e-02,2.000000000000000164e-05,5.640056806487274699e-01,3.017326300690824509e+10,3.433602340453150489e-04,3.433602340453150489e-04
-2.331171552296057992e-01,2.231788762193278042e-01,7.221775185037919709e-01,7.154829669097050038e-02,2.000000000000000164e-05,6.165314751507255941e-01,3.014252699591129684e+10,1.556595962146657729e-03,1.556595962146657729e-03
1.666321013370248780e-02,-8.290808082158434011e-01,2.208514230171445825e-01,8.666437385828000550e-02,2.000000000000000164e-05,3.469189913779813228e-01,1.885928047730972672e+10,2.178710349680180146e-03,2.178710349680180146e-03
5.060263311095944960e-01,-1.328324261290300401e-01,5.509435351810765269e-01,6.347677319147268515e-02,2.000000000000000164e-05,8.828989118325020202e-01,3.031758618939657593e+10,2.825219155050990726e-04,2.825219155050990726e-04
-1.652098700079795146e-01,6.221714964186980668e-01,5.220419978994073062e-01,7.881682791914627895e-02,2.000000000000000164e-05,4.612059201381711326e-01,1.938572135166723633e+10,3.190464193845005212e-03,3.190464193845005212e-03
3.297093831285884818e-02,-3.040182723745998294e-01,7.626738738719053279e-01,7.624932636187262136e-02,2.000000000000000164e-05,5.093827666854664482e-01,2.104522865214002991e+10,4.362742059976815363e-03,4.362742059976815363e-03
-2.947191545698106818e-01,7.710823879554841165e-01,2.960894577845901710e-01,9.356001826624844864e-02,2.000000000000000164e-05,2.757257633579465184e-01,1.289630419058821297e+10,2.136451318580447067e-02,2.136451318580447067e-02
8.652102210135089733e-01,-1.301923893729283188e-01,5.658363079151187969e-02,9.601535174118237814e-02,2.000000000000000164e-05,2.551088067545108085e-01,1.375077993689475441e+10,1.927888601031001441e-03,1.927888601031001441e-03
-2.442392331767483382e-01,-5.325375718579163919e-01,5.636296549520682930e-01,7.599534887646210157e-02,2.000000000000000164e-05,5.145070929003958682e-01,2.871312898686680984e+10,4.453137853150958975e-03,4.453137853150958975e-03
-7.236839496579655640e-01,7.541626926249220264e-02,3.625845509868150240e-01,7.417734689683840033e-02,2.000000000000000164e-05,5.532721736398239498e-01,2.002593346962726212e+10,1.717565232101008008e-03,1.717565232101008008e-03
4.648499628415131979e-01,5.521624692026982917e-01,3.795735385686558327e-01,7.552351730207162994e-02,2.000000000000000164e-05,5.242107201123120674e-01,2.311879109381707764e+10,3.813375247200472907e-04,3.813375247200472907e-04
3.369674161350822983e-01,-2.765592580460831118e-01,6.752439608969322826e-01,7.446445679503821413e-02,2.000000000000000164e-05,5.468981521497497944e-01,3.062610756004747009e+10,1.103334404645601617e-03,1.103334404645601617e-03
9.152980544376536354e-02,-4.811798454104309619e-01,6.973179337646677745e-01,8.604526848005190909e-02,2.000000000000000164e-05,3.544614910991221723e-01,1.587001407091761589e+10,9.335692373272522215e-02,9.335692373272522215e-02
4.246760305070818031e-02,4.769469880334293310e-01,7.343087287038450039e-01,9.581959265939705983e-02,2.000000000000000164e-05,2.566756732718424305e-01,1.779217572861037445e+10,9.293724131848508929e-02,9.293724131848508929e-02
4.156578875540671292e-01,3.919247429360632196e-01,5.444119317847045947e-01,7.103911201142140697e-02,2.000000000000000164e-05,6.298851370170081010e-01,2.736518401736448669e+10,1.340777652330567954e-04,1.340777652330567954e-04
-1.854341359068213402e-01,3.788198460337429130e-01,7.093035707393458011e-01,8.022156528476583059e-02,2.000000000000000164e-05,4.373992463737174097e-01,2.573811018400411606e+10,3.211347538003091195e-02,3.211347538003091195e-02
-2.211516931320543222e-01,-1.207271098293447587e-01,7.264011361314061110e-01,6.647534807432714521e-02,2.000000000000000164e-05,7.687269117245989491e-01,3.558726393114838409e+10,2.341057970855426392e-04,2.341057970855426392e-04
-5.133719137413209621e-01,-5.526382676422761930e-01,4.169766202275883016e-01,8.902734578887853967e-02,2.000000000000000164e-05,3.200213739471605146e-01,1.607358264810252380e+10,4.213864772923834462e-02,4.213864772923834462e-02
4.237868178122384810e-01,-2.351400059909143636e-01,6.518769923269337463e-01,7.705347022946668067e-02,2.000000000000000164e-05,4.936004075602504759e-01,2.575490115862314987e+10,2.064526426931395740e-03,2.064526426931395740e-03
-1.618597995848423121e-01,7.650486545683027328e-02,7.488126653184667969e-01,6.712693319342030729e-02,2.000000000000000164e-05,7.465577855051657163e-01,3.181493955787036896e+10,9.047117530622988176e-04,9.047117530622988176e-04
-9.562639035163085499e-02,-8.519128910393128917e-01,7.558340135657175274e-02,8.708434471165493740e-02,2.000000000000000164e-05,3.419239407644329432e-01,1.608916064251551247e+10,1.736097215546811821e-04,1.736097215546811821e-04
7.194484694246787715e-01,-4.185859291257575387e-01,2.866237275728200640e-01,9.808287452529224071e-02,2.000000000000000164e-05,2.393134618228036914e-01,1.432633309503736687e+10,2.833462675726156066e-02,2.833462675726156066e-02
-5.337304186151506924e-01,9.303594499307488164e-02,5.754838597564848612e-01,6.774343067562510479e-02,2.000000000000000164e-05,7.263604534324288320e-01,2.140933504315723801e+10,7.487215299655984244e-03,7.487215299655984244e-03
4.876529749433718974e-01,-6.732656270774107186e-03,6.014962523922442461e-01,6.520694431336775121e-02,2.000000000000000164e-05,8.144652990409467774e-01,2.381873338045309448e+10,6.530254842852413607e-04,6.530254842852413607e-04
-6.281064549777014561e-01,-2.272396776850336975e-01,5.097936527115416450e-01,8.101201648794453813e-02,2.000000000000000164e-05,4.247202012013727712e-01,1.471971067646226120e+10,2.714366165077497506e-02,2.714366165077497506e-02
1.915793643430784704e-02,-8.593614123875484845e-01,1.080966860302762789e-01,8.998853064661138657e-02,2.000000000000000164e-05,3.098756976770885019e-01,1.447412015841966629e+10,2.368284973889931008e-04,2.368284973889931008e-04
-5.292659281958969064e-01,5.232570289789301166e-01,4.572364740940692562e-01,9.467682140829651594e-02,2.000000000000000164e-05,2.660830949578318894e-01,1.550702504621292877e+10,5.581568507365840953e-02,5.581568507365840953e-02
-3.672076169760540160e-02,2.050910688001132409e-01,7.752034636231214249e-01,7.345607474811886861e-02,2.000000000000000164e-05,5.697307309444430423e-01,2.578451459365507507e+10,1.915141302048201316e-03,1.915141302048201316e-03
-5.836493403404333646e-01,-6.215627562325216904e-02,5.207438152862419178e-01,6.662942942829105930e-02,2.000000000000000164e-05,7.634061232791239382e-01,2.374191171053089142e+10,2.031608980103967292e-04,2.031608980103967292e-04
2.831106095994747052e-01,-5.326539068553731715e-01,6.323973355914569439e-01,9.494544060370231631e-02,2.000000000000000164e-05,2.638308647559541309e-01,1.317936012066565704e+10,1.000000000000000000e+00,1.000000000000000000e+00
-7.150786402258273444e-01,-1.660407395755428839e-01,3.519182807625036435e-01,7.532918429356791346e-02,2.000000000000000164e-05,5.282782719880702027e-01,2.386205012544258499e+10,2.280790180856354023e-04,2.280790180856354023e-04
6.137742846564135935e-01,3.563945822580418810e-01,5.532736807760588738e-01,1.057829841085121819e-01,2.000000000000000164e-05,1.907639842186053258e-01,1.610259744699341011e+10,1.130139822783336190e-01,1.130139822783336190e-01
-1.102530042397968230e-01,-4.116375692531967223e-01,6.422697386800749753e-01,6.628012444766000211e-02,2.000000000000000164e-05,7.755396903135686193e-01,3.056969025682927704e+10,3.439091039894263805e-04,3.439091039894263805e-04
-8.842533633628994749e-02,6.525134296457090199e-01,5.802983495989798568e-01,9.520745309893896557e-02,2.000000000000000164e-05,2.616586097073512196e-01,1.384233557476627922e+10,1.976108694288201129e-01,1.976108694288201129e-01
8.123585535579438965e-02,7.682236405441567051e-01,3.017551426379892487e-01,7.966969849233281054e-02,2.000000000000000164e-05,4.465519880122108543e-01,2.094801805954911423e+10,2.073777700880027961e-04,2.073777700880027961e-04
3.318009217849062775e-01,2.698893322500576231e-01,7.786878716275765777e-01,1.008275574414218417e-01,2.000000000000000164e-05,2.202966667337327156e-01,1.638475837767090416e+10,4.734156403973892591e-01,4.734156403973892591e-01
-2.584971227741996724e-01,7.967574025755174150e-01,2.293092303596957482e-01,9.008920382638839486e-02,2.000000000000000164e-05,3.088379958284739879e-01,1.869862043010704422e+10,6.928275638787043458e-03,6.928275638787043458e-03
2.194641047440747950e-01,3.759852077969850215e-01,7.294377664078590673e-01,8.475914175038966325e-02,2.000000000000000164e-05,3.708435341984267497e-01,1.519948243813407516e+10,4.968398550364072630e-02,4.968398550364072630e-02
-4.535170815074855422e-01,5.747455184649864490e-01,4.585462622607352490e-01,9.033447895060410515e-02,2.000000000000000164e-05,3.063291122276219358e-01,1.304525940995548820e+10,2.001167846926946159e-01,2.001167846926946159e-01
-1.777217513604335553e-01,-2.245086550240515677e-01,8.364235050595494325e-01,9.497877882572340613e-02,2.000000000000000164e-05,2.635532062618001770e-01,1.516155489637563133e+10,4.492880301942980270e-01,4.492880301942980270e-01
1.514205409181043349e-01,6.954650226307482197e-02,7.471217023767190435e-01,6.471893663861053025e-02,2.000000000000000164e-05,8.330289297528521431e-01,3.293372973918328857e+10,1.212857548045619404e-04,1.212857548045619404e-04
3.612039417409874664e-01,6.315090756881907019e-01,3.994750418759682176e-01,7.943770506484307270e-02,2.000000000000000164e-05,4.504758646203323447e-01,3.084547733702454758e+10,5.100135356173814182e-04,5.100135356173814182e-04
-6.804848073230366223e-01,-3.052624066728398255e-01,4.346609590105631749e-01,9.011059096317848571e-02,2.000000000000000164e-05,3.086181421936336489e-01,1.581675755997541428e+10,4.924963670821886491e-02,4.924963670821886491e-02
-5.291299871244783265e-02,3.552112071353284994e-01,6.690588879221345264e-01,6.614631232503342950e-02,2.000000000000000164e-05,7.802559395161214884e-01,3.045364064660042191e+10,1.708495035326780542e-04,1.708495035326780542e-04
8.871926329376947917e-01,7.986896219424112486e-02,-8.338275147267856791e-02,1.039506215361860608e-01,2.000000000000000164e-05,2.010311047865557532e-01,1.395028170066157913e+10,3.504573421268700564e-04,3.504573421268700564e-04
-2.672236420154920911e-01,1.858263283804094390e-01,7.290225660954260389e-01,7.212029030662645002e-02,2.000000000000000164e-05,6.019780383475432650e-01,2.784989851413506699e+10,2.231060231044489084e-03,2.231060231044489084e-03
6.311114568475475507e-03,5.032944446925251281e-02,7.529903393290213742e-01,6.586409173930726779e-02,2.000000000000000164e-05,7.903289939122720709e-01,4.388854937579393005e+10,3.625372038684223763e-04,3.625372038684223763e-04
1.130673532096364980e-01,8.357648996527897722e-01,2.343240256460740190e-01,9.435932706018571037e-02,2.000000000000000164e-05,2.687779927911638223e-01,1.471892436331003761e+10,1.933949578500908113e-03,1.933949578500908113e-03
7.578985878412222155e-01,-2.198554505858119623e-01,4.635696511560605804e-01,1.140548779347747843e-01,2.000000000000000164e-05,1.521944529408155999e-01,1.639531366375401115e+10,1.252544993058475886e-01,1.252544993058475886e-01
3.208177722038810242e-01,-3.318864987716791393e-01,6.071066439782462076e-01,6.443109712865605077e-02,2.000000000000000164e-05,8.442433811456527826e-01,2.414926645334734344e+10,1.750066300602581555e-04,1.750066300602581555e-04
7.241390010229037388e-01,3.231112076574644831e-01,2.578782436974849657e-01,7.789086022796673503e-02,2.000000000000000164e-05,4.778509186944837617e-01,1.301533050894827271e+10,1.048251744707055181e-03,1.048251744707055181e-03
-6.319920263213184564e-01,-5.436276048941158789e-01,1.871442604653330011e-01,8.585785889404319582e-02,2.000000000000000164e-05,3.567877437044384425e-01,1.436518858398628616e+10,3.316104730178333218e-04,3.316104730178333218e-04
2.337830065808082503e-01,6.423350384763933940e-01,5.206181089793476824e-01,8.638201552925124649e-02,2.000000000000000164e-05,3.503321195402192001e-01,1.295054167465740395e+10,5.319836965906123150e-02,5.319836965906123150e-02
-5.411725452278575155e-01,-3.153759496250209127e-01,6.279336794021979085e-01,9.894496683223413802e-02,2.000000000000000164e-05,2.331123387457657015e-01,1.291779414646766090e+10,2.448203696341252622e-01,2.448203696341252622e-01
-7.278671062687961379e-01,1.497216120561894494e-02,3.490181810943798202e-01,7.458917758981253865e-02,2.000000000000000164e-05,5.441600479852417571e-01,2.698727341674120712e+10,3.758370681162165111e-04,3.758370681162165111e-04
5.224208885718686357e-01,-5.896377536576455532e-03,6.836454450504364511e-01,8.807104888899942863e-02,2.000000000000000164e-05,3.305597807308517933e-01,1.316544590072563362e+10,1.057737649306123573e-01,1.057737649306123573e-01
1.913518410205149178e-01,-4.982517603504283965e-01,5.790666911262410954e-01,7.019152293884639571e-02,2.000000000000000164e-05,6.529792342638343072e-01,3.036642830406803894e+10,4.799182098725087711e-04,4.799182098725087711e-04
1.420942705305826628e-02,7.469184540994869836e-01,3.332653158556577733e-01,7.683653685841651537e-02,2.000000000000000164e-05,4.977933998568599416e-01,2.476088126498263550e+10,3.576925136020047877e-04,3.576925136020047877e-04
3.161166915173638237e-02,-6.885588831377995600e-01,3.914445031886081283e-01,7.092822492246837751e-02,2.000000000000000164e-05,6.328438875734717639e-01,3.529731486452658081e+10,2.247006351746909337e-04,2.247006351746909337e-04
-5.717836446647117654e-01,3.605081347188383023e-01,5.042208830987380264e-01,8.412584022069898027e-02,2.000000000000000164e-05,3.792855721308728834e-01,1.599847875499124146e+10,3.947099906819252768e-02,3.947099906819252768e-02
1.559868736310921211e-01,4.073289830006197043e-01,6.544345183841701052e-01,6.755764761427869580e-02,2.000000000000000164e-05,7.323694551541829467e-01,2.029774159446524048e+10,2.138924834860787653e-03,2.138924834860787653e-03
1.267569149959863473e-01,5.858142221969117047e-01,5.569275153252883914e-01,7.472395030768361202e-02,2.000000000000000164e-05,5.412191371937015161e-01,2.126884213091170502e+10,2.187709721946316885e-03,2.187709721946316885e-03
-5.830850807445495665e-01,5.223454323898129026e-01,4.052154167408840157e-01,9.777107037619553465e-02,2.000000000000000164e-05,2.416104133851577906e-01,1.483488119622488213e+10,1.014630658522467366e-01,1.014630658522467366e-01
5.106258463776532919e-01,6.096852054219873418e-01,3.780767165798800122e-01,9.454953669079776968e-02,2.000000000000000164e-05,2.671591953620411908e-01,1.309234359423710442e+10,2.018281470390307850e-02,2.018281470390307850e-02
2.685757792875612671e-01,-1.046643942592050992e-02,7.307881159258228232e-01,6.885830943533399751e-02,2.000000000000000164e-05,6.916493178322985491e-01,4.293146662191071320e+10,1.597640090763267776e-03,1.597640090763267776e-03
4.642561065693518452e-01,-6.141297087384273157e-02,6.889896025433255300e-01,7.912275891142324380e-02,2.000000000000000164e-05,4.558766993547866964e-01,2.062557325593037415e+10,1.931266493967843945e-02,1.931266493967843945e-02
8.840728459491008495e-01,2.075836652339055344e-01,-2.251766967599229397e-02,1.096697528279615697e-01,2.000000000000000164e-05,1.711913014638670183e-01,1.360202143625935555e+10,4.728152961945091513e-03,4.728152961945091513e-03
2.448184390352996509e-01,-2.926651042914566458e-01,6.760101831783709159e-01,6.902179513528518273e-02,2.000000000000000164e-05,6.867438767693461177e-01,3.824424896450494385e+10,7.903255116999997887e-04,7.903255116999997887e-04
1.622491023669456189e-01,8.004393744969674485e-01,2.930822837781108525e-01,9.114150662491650456e-02,2.000000000000000164e-05,2.982634704521098801e-01,2.009713495374140549e+10,7.732783545719290087e-03,7.732783545719290087e-03
7.597699281760246504e-02,8.680382124874648497e-02,8.522670718930710487e-01,8.675864090256518724e-02,2.000000000000000164e-05,3.457893714419681408e-01,1.831205273859688568e+10,9.701847812447297881e-02,9.701847812447297881e-02
2.241813690217653587e-01,-4.335754249547637551e-01,6.346733023147629327e-01,7.302642448442600576e-02,2.000000000000000164e-05,5.798465558634176009e-01,2.507195341079145432e+10,3.041036990576578228e-03,3.041036990576578228e-03
-2.003495115618926861e-02,2.839744834700166920e-01,7.599339322492029147e-01,7.676807129152928011e-02,2.000000000000000164e-05,4.991261300106165644e-01,2.872691556627874374e+10,4.816856349246665878e-03,4.816856349246665878e-03
6.630142927991364843e-01,-1.259518283915805614e-01,4.667695563567588746e-01,7.697204788605636894e-02,2.000000000000000164e-05,4.951684917590840618e-01,2.440153998477612686e+10,1.108231756251775715e-03,1.108231756251775715e-03
1.972616124584096464e-01,-6.924051946933944546e-01,3.814580213752144511e-01,7.564324651605545957e-02,2.000000000000000164e-05,5.217253665633589943e-01,2.626874882526383972e+10,8.880920033301212746e-04,8.880920033301212746e-04
-3.261167994447018437e-01,1.683588003479035700e-01,7.659895220092011181e-01,8.382384273432919031e-02,2.000000000000000164e-05,3.833962754650644955e-01,1.677890957451457977e+10,4.983958884429238317e-02,4.983958884429238317e-02
4.627772936197467601e-02,-1.896925178633490083e-01,7.402226004382532754e-01,6.787540160178021087e-02,2.000000000000000164e-05,7.221318358759020173e-01,4.060676706116147614e+10,1.947029247228156752e-04,1.947029247228156752e-04
-4.146286231017613788e-02,4.360386549948969126e-01,6.789814962682241273e-01,7.561979871792751107e-02,2.000000000000000164e-05,5.222117143960137708e-01,2.385879475260480118e+10,1.111354980090741365e-03,1.111354980090741365e-03
1.979856063032993940e-01,-4.896392441573297338e-01,6.594426488230152872e-01,8.465271719304162668e-02,2.000000000000000164e-05,3.722439770621309707e-01,2.012629954444941330e+10,2.389396233010448664e-02,2.389396233010448664e-02
-4.899332516441264884e-01,-4.993074390667203710e-01,4.890101649579239873e-01,8.531632077166720340e-02,2.000000000000000164e-05,3.636251129034646645e-01,1.882905237282968521e+10,8.853283583419493258e-03,8.853283583419493258e-03
-3.892813619344869247e-01,8.981521779762910440e-02,6.904739873378803461e-01,7.231459629076769646e-02,2.000000000000000164e-05,5.971385550020686939e-01,3.500756928168035126e+10,3.730139581841549704e-03,3.730139581841549704e-03
3.804052825335305643e-01,1.292883030981822057e-01,6.481772626437692919e-01,6.561115515421231392e-02,2.000000000000000164e-05,7.995047004496276255e-01,3.433251948071715164e+10,1.785248094328024146e-04,1.785248094328024146e-04
-6.713791726784688052e-01,-1.115604530017977741e-01,5.019421894048622379e-01,8.365112332249000082e-02,2.000000000000000164e-05,3.857760838326758646e-01,1.424146211058564758e+10,5.447707655335728982e-02,5.447707655335728982e-02
6.858191585570280191e-01,3.151303597173928384e-01,3.707002103480972477e-01,8.108892559209691930e-02,2.000000000000000164e-05,4.235128455697312333e-01,1.468711686238732147e+10,9.232275761523162745e-04,9.232275761523162745e-04
2.653745296592799341e-01,-7.165603831440241489e-01,4.139569336232259977e-01,9.175165363059607782e-02,2.000000000000000164e-05,2.923524934874752179e-01,1.325356839154441452e+10,1.727007325581639274e-01,1.727007325581639274e-01
6.909162280987113380e-01,4.548175427668607607e-02,4.055536505602734265e-01,7.263518339371355381e-02,2.000000000000000164e-05,5.892669249878238480e-01,2.783131256520877075e+10,1.649502977756112142e-04,1.649502977756112142e-04
1.688238253958487256e-01,-5.669502518040129280e-01,5.990004556758056209e-01,8.290464065928686288e-02,2.000000000000000164e-05,3.962910691522977258e-01,1.867768968570602417e+10,4.782234465016715202e-02,4.782234465016715202e-02
1.059410158770837523e-01,-3.900543474924879628e-01,6.364615858407091098e-01,6.250010948081065332e-02,2.000000000000000164e-05,9.249370477967571169e-01,2.657631334645184326e+10,1.001480659752971696e-04,1.001480659752971696e-04
-1.891692886397671747e-01,-8.215024623812052784e-01,5.749268596091108158e-02,8.185536363353670963e-02,2.000000000000000164e-05,4.117272615103528266e-01,1.738946851593729019e+10,1.095201979842162288e-04,1.095201979842162288e-04
-1.433358815924127769e-02,1.980924240347953780e-01,7.217360836325124041e-01,6.356467470070324699e-02,2.000000000000000164e-05,8.792388688164457511e-01,3.608627410965316010e+10,1.837608601634571604e-04,1.837608601634571604e-04
-3.267933841071592460e-01,-5.715901852767826252e-01,5.977740498656167745e-01,9.990542692938363112e-02,2.000000000000000164e-05,2.264533419758488764e-01,1.595240214532606506e+10,9.805924453614280056e-02,9.805924453614280056e-02
4.621241952242232665e-01,2.199512690160614348e-01,7.063266441679200147e-01,9.440962341250337675e-02,2.000000000000000164e-05,2.683487560584941756e-01,2.149760832249098969e+10,2.139058396114622562e-01,2.139058396114622562e-01
4.517916273560443341e-01,3.253990325407006279e-01,5.494354297267259879e-01,7.033973865391532354e-02,2.000000000000000164e-05,6.488601304848495843e-01,3.290388860480577850e+10,1.759323283452955146e-04,1.759323283452955146e-04
5.049606671357520504e-01,-4.936588001108069973e-02,6.406200773015702232e-01,7.366135528052535075e-02,2.000000000000000164e-05,5.649808254680558361e-01,1.708881062095302391e+10,3.897720265100215135e-03,3.897720265100215135e-03
-4.126775738160400886e-01,4.078944650869212318e-02,6.190955745794155529e-01,6.043690957156085120e-02,2.000000000000000164e-05,1.022935044386878767e+00,2.324604856045864868e+10,1.090977384874275164e-04,1.090977384874275164e-04
-5.441503210351129188e-02,-2.680301240467435342e-01,8.113710607253631357e-01,8.565206479967728270e-02,2.000000000000000164e-05,3.593657052338420366e-01,2.332916685665868378e+10,3.737497234349848596e-02,3.737497234349848596e-02
3.318304522741125639e-01,9.787004572695113744e-03,7.477875878286998068e-01,7.609367547035993107e-02,2.000000000000000164e-05,5.125151554492031192e-01,2.485294835314488220e+10,5.433525924399454365e-03,5.433525924399454365e-03
9.317574966173437778e-02,8.346669581868634280e-01,3.637530895831005417e-01,1.125601111553484884e-01,2.000000000000000164e-05,1.583388660784973978e-01,1.515681548122292137e+10,6.109936322852248941e-02,6.109936322852248941e-02
-6.288840289653787607e-01,4.623462663514026905e-01,2.811431903915725949e-01,8.089112574068056671e-02,2.000000000000000164e-05,4.266272974056593004e-01,2.796543913585883331e+10,1.444127245933499388e-03,1.444127245933499388e-03
9.875299678805150860e-02,-5.771374649412683300e-02,8.401072519355418100e-01,8.129636344810106663e-02,2.000000000000000164e-05,4.202791244660523118e-01,1.236593193669638634e+10,4.687179049459565955e-02,4.687179049459565955e-02
-4.111219478432781571e-01,-3.755179388616261549e-01,6.880558258131338478e-01,9.700772542396254861e-02,2.000000000000000164e-05,2.473592010575249023e-01,1.319225974817334747e+10,1.437050593729312375e-01,1.437050593729312375e-01
5.541945604965640149e-01,3.656512394518032227e-01,4.992825568349547605e-01,8.084026629755494686e-02,2.000000000000000164e-05,4.274330222139620661e-01,2.258531767349714279e+10,3.747935858050480042e-03,3.747935858050480042e-03
1.914453888457907371e-01,-6.411165577526862780e-01,4.448855022642766444e-01,7.235593621325835112e-02,2.000000000000000164e-05,5.961161141085391524e-01,2.481701296149630737e+10,1.261816933108118681e-04,1.261816933108118681e-04
-4.003555666687398373e-01,7.178821437691559337e-01,2.984998249545205429e-01,9.389861117406518576e-02,2.000000000000000164e-05,2.727541284814349876e-01,1.392803820023303413e+10,1.992169985707021099e-02,1.992169985707021099e-02
-6.039778908691142423e-01,-2.104704047080511314e-02,5.779563089597998804e-01,7.988687048560468018e-02,2.000000000000000164e-05,4.429199865875449449e-01,1.179744212819155121e+10,9.282821523418445520e-02,9.282821523418445520e-02
3.826950181787788785e-01,-4.573810117959892785e-01,5.687929751569797965e-01,7.690822651833853496e-02,2.000000000000000164e-05,4.964022610706397276e-01,1.793194901061845016e+10,4.959849832483407411e-03,4.959849832483407411e-03
-5.727867946105369423e-01,-4.800708796971144277e-01,4.423166494604015009e-01,9.112871217777650246e-02,2.000000000000000164e-05,2.983891188890240853e-01,1.387095801604798889e+10,1.301512351447632089e-02,1.301512351447632089e-02
-1.900730083389350900e-01,6.838636330540878161e-01,3.731460191807485227e-01,7.366739076135990494e-02,2.000000000000000164e-05,5.648420793709476584e-01,2.972285717056241608e+10,1.028085965558750068e-04,1.028085965558750068e-04
8.576654699412911143e-01,2.132946115482649285e-01,5.651009833367728885e-02,9.876299964252129027e-02,2.000000000000000164e-05,2.344032081174141358e-01,1.624905737584104729e+10,1.067336494398310812e-03,1.067336494398310812e-03
-1.221239246656342925e-01,-4.734253806843211621e-01,7.180999769708281688e-01,9.077564629253417894e-02,2.000000000000000164e-05,3.018844419910190480e-01,1.157337113895182419e+10,4.380846226772446284e-01,4.380846226772446284e-01
2.456828866432736458e-01,-5.364327255304062181e-01,5.582799630550543402e-01,7.485511050245499676e-02,2.000000000000000164e-05,5.383791199988756659e-01,2.346355026302811050e+10,6.014083744555303842e-04,6.014083744555303842e-04
-7.149781261963313872e-01,-1.353132145197702696e-01,4.649862894141459924e-01,9.165791948129842215e-02,2.000000000000000164e-05,2.932503536156638724e-01,1.538662316460206413e+10,2.353047362179517266e-01,2.353047362179517266e-01
6.977514820838705001e-01,-4.935944139917119444e-01,1.631519736442207658e-01,9.241432074201136326e-02,2.000000000000000164e-05,2.861083181559784250e-01,1.518918296752187347e+10,9.078159505737161059e-03,9.078159505737161059e-03
-4.136472631611026185e-01,6.332933702283239930e-01,4.277179978645340719e-01,9.117119154476992227e-02,2.000000000000000164e-05,2.979722200302115098e-01,1.294700586022410393e+10,5.172236414951195127e-02,5.172236414951195127e-02
-4.685952343397445374e-01,3.108184730357188008e-01,5.906911678865305326e-01,7.833070635465379239e-02,2.000000000000000164e-05,4.698462503242505361e-01,2.611025623970182037e+10,2.564589844020048401e-02,2.564589844020048401e-02
6.622509032351414637e-01,3.083725242666741084e-01,5.666863113219211545e-01,1.181524231257715940e-01,2.000000000000000164e-05,1.369022648829932298e-01,1.662750879111602592e+10,4.832913228035756181e-01,4.832913228035756181e-01
3.212610516533004335e-01,-1.632567150165326886e-01,6.819771225805766335e-01,6.894022405942458465e-02,2.000000000000000164e-05,6.891844799915118891e-01,4.134076219122834778e+10,4.001312407962405535e-04,4.001312407962405535e-04
7.023188304101970481e-01,5.470687510460691128e-01,2.020372648265913174e-01,1.131808444167357736e-01,2.000000000000000164e-05,1.557478324470383535e-01,1.396587141795967865e+10,1.037936402188134183e-01,1.037936402188134183e-01
-3.365636602713637515e-01,-4.607138952442310642e-01,5.787780492958557454e-01,7.596293839808783421e-02,2.000000000000000164e-05,5.151658122150332142e-01,2.995594379763741302e+10,7.519222492173094699e-04,7.519222492173094699e-04
2.211905742825459251e-02,8.879449984263103612e-01,3.743753274410327458e-02,9.859255821881036941e-02,2.000000000000000164e-05,2.356210194559514581e-01,1.455696515466736412e+10,2.122703502943969493e-04,2.122703502943969493e-04
-5.201281093134761946e-01,-4.440536904062674650e-01,5.824238633769276419e-01,1.033109159402967742e-01,2.000000000000000164e-05,2.047887589250239893e-01,1.255143355034963608e+10,2.324198069001320865e-01,2.324198069001320865e-01
8.377366556508245021e-02,-6.155522835357477573e-01,5.739608022606444981e-01,8.263221418359797954e-02,2.000000000000000164e-05,4.002236058412554365e-01,1.258444927106807709e+10,7.869187308767908173e-02,7.869187308767908173e-02
-6.396683336953656873e-01,-1.652891077710456902e-01,5.211136661705464412e-01,8.130310127040515922e-02,2.000000000000000164e-05,4.201746429428559471e-01,1.757038547398862076e+10,5.446122651304449724e-02,5.446122651304449724e-02
-6.811234224739333154e-01,-4.202501467845610184e-01,3.171359297666457855e-01,8.915801909967462080e-02,2.000000000000000164e-05,3.186163030534767682e-01,1.818440166320386505e+10,8.840030239606631868e-03,8.840030239606631868e-03
-1.131751136792307627e-02,-1.595464332863201495e-01,7.981435372544486428e-01,7.614027989791802287e-02,2.000000000000000164e-05,5.115745602817540760e-01,3.561704036585805511e+10,3.889498677845322754e-03,3.889498677845322754e-03
7.521127873989574830e-02,5.871451803098867162e-01,6.250088317433662999e-01,8.785005818074559381e-02,2.000000000000000164e-05,3.330607192668717520e-01,1.277998413021459198e+10,2.268482082373375064e-01,2.268482082373375064e-01
1.893946602246281696e-01,-6.647489239379250625e-01,4.596200859170427311e-01,7.904451706576204328e-02,2.000000000000000164e-05,4.572318051137831962e-01,2.067751514348772430e+10,2.315495546514083694e-02,2.315495546514083694e-02
5.196684483544158351e-01,-1.943938337539617423e-01,6.545271645896306723e-01,8.793503864115283231e-02,2.000000000000000164e-05,3.320960263195290030e-01,1.323688297534280205e+10,3.958177095820142877e-01,3.958177095820142877e-01
1.252513414370520599e-02,5.702628099284671181e-01,6.417325569708114408e-01,8.756864084736264153e-02,2.000000000000000164e-05,3.362821560738676330e-01,1.621665395406437111e+10,1.921578927001308112e-01,1.921578927001308112e-01
6.897788270997867732e-01,-3.721120194663799507e-01,2.632909697058962717e-01,7.884687774089116363e-02,2.000000000000000164e-05,4.606787977418270730e-01,2.003224343557623672e+10,5.540543444670523263e-04,5.540543444670523263e-04
4.379682029355360107e-01,1.661758466370773235e-01,6.646832486357847625e-01,7.686238421262658882e-02,2.000000000000000164e-05,4.972910636973091325e-01,2.700671114357156754e+10,8.540869894168998805e-03,8.540869894168998805e-03
7.195983196284423400e-01,2.026506192974002474e-01,4.246096117999826336e-01,8.962338764441361849e-02,2.000000000000000164e-05,3.136787029813009053e-01,1.620165850568668747e+10,3.761599582165003897e-02,3.761599582165003897e-02
7.463963646011120279e-01,-1.192671587334372119e-01,3.197541021514973547e-01,7.647491218340457531e-02,2.000000000000000164e-05,5.048897720378778819e-01,1.993569021548920822e+10,7.233890093489532070e-04,7.233890093489532070e-04
4.319499766997034890e-02,1.967303986247290748e-01,7.410423436980059231e-01,6.632937180416137446e-02,2.000000000000000164e-05,7.738135220047955842e-01,2.839246893176103973e+10,4.086038915524401144e-04,4.086038915524401144e-04
-6.934983958696673556e-02,8.903583543042332682e-01,3.884471342905626567e-02,1.010956010487804035e-01,2.000000000000000164e-05,2.185489735041339643e-01,1.323003582866613960e+10,5.581393670170822297e-04,5.581393670170822297e-04
5.293368446417358042e-01,2.331368946896439087e-01,5.656306099916983410e-01,7.632181382118097268e-02,2.000000000000000164e-05,5.079328359306318763e-01,2.759757637884333420e+10,5.600747731430564440e-04,5.600747731430564440e-04
-4.516496922723307050e-01,5.934880412160558061e-01,3.146798550658026494e-01,7.276564692796799738e-02,2.000000000000000164e-05,5.861027008079308098e-01,1.823675094617231369e+10,1.339808574641535694e-04,1.339808574641535694e-04
7.437387666018960841e-01,-3.891951502007480190e-01,2.116785013208818678e-01,9.200137207197316147e-02,2.000000000000000164e-05,2.899783126895483232e-01,1.759032613234278107e+10,1.305175463302745776e-03,1.305175463302745776e-03
3.123120910940655470e-01,6.783013528532296776e-01,4.598130254313618215e-01,9.373654651291438156e-02,2.000000000000000164e-05,2.741712122753459657e-01,1.189281477367633820e+10,6.578046866570728957e-02,6.578046866570728957e-02
-5.015027156907088113e-01,1.090198661403804087e-01,6.570232758329522804e-01,7.964926982889368456e-02,2.000000000000000164e-05,4.468956770259098210e-01,1.335049420231149483e+10,2.857350980213563263e-02,2.857350980213563263e-02
1.830723268988338481e-01,1.953418990847444470e-01,7.711846970048757965e-01,7.596360178146702169e-02,2.000000000000000164e-05,5.151523856808772894e-01,2.452887428214442825e+10,6.833418419013943292e-03,6.833418419013943292e-03
-5.208330696266139093e-01,-3.001354003925891037e-02,6.897105737686104465e-01,9.019997336598624404e-02,2.000000000000000164e-05,3.077015710413364413e-01,1.527271312011125946e+10,1.860052350149236089e-01,1.860052350149236089e-01
5.673626427522429072e-01,1.094490815259185033e-02,6.333837051501398641e-01,8.389615356355790976e-02,2.000000000000000164e-05,3.824057561180430054e-01,1.532109393934779739e+10,1.874560441136260691e-01,1.874560441136260691e-01
3.278381984365493773e-01,-5.633587511968886075e-01,4.766880747181614364e-01,7.403675903831735683e-02,2.000000000000000164e-05,5.564301416296472125e-01,2.359913882310577774e+10,9.970067947990554971e-04,9.970067947990554971e-04
1.460337873947749054e-01,-4.959476620048647866e-01,6.149294925720381055e-01,7.339043521063744191e-02,2.000000000000000164e-05,5.712612402756913621e-01,2.376529423158996964e+10,2.063266747852612968e-03,2.063266747852612968e-03
4.399694357370988462e-01,-1.263160995125248987e-01,6.338553645021157701e-01,6.848147765572699941e-02,2.000000000000000164e-05,7.031299178778434023e-01,2.777742191912918091e+10,2.102428044967947270e-04,2.102428044967947270e-04
7.728264939312822213e-01,4.281227081382824040e-01,8.818718116243383365e-02,1.010130729921478315e-01,2.000000000000000164e-05,2.190851018548161666e-01,1.467120460869831276e+10,4.339171195164122363e-02,4.339171195164122363e-02
-8.017196249517026807e-01,-3.986171478368152887e-01,-2.381232449998591308e-02,1.041696844186649207e-01,2.000000000000000164e-05,1.997654579566491562e-01,1.335560528601350594e+10,4.560642785068952289e-04,4.560642785068952289e-04
-2.855542070060616000e-01,-3.939712722637418452e-01,6.344374255513003380e-01,7.261620069965950275e-02,2.000000000000000164e-05,5.897297617793585411e-01,2.664008252330173111e+10,9.221935407841075696e-04,9.221935407841075696e-04
1.848532591248622792e-01,-1.039674067197660784e-01,7.757431367914181530e-01,7.314540004796332706e-02,2.000000000000000164e-05,5.770212666667369206e-01,2.993253187282137299e+10,4.289855671059226820e-03,4.289855671059226820e-03
5.690626811339416502e-02,2.776049694757904973e-01,8.539278484241273892e-01,1.046680332437161243e-01,2.000000000000000164e-05,1.969255457280883748e-01,1.576141673055196953e+10,1.000000000000000000e+00,1.000000000000000000e+00
-1.100176414922404283e-01,-7.098893579819092192e-01,3.271844961746327440e-01,6.695103547583157455e-02,2.000000000000000164e-05,7.524575050139474808e-01,8.270295897468364716e+09,2.297084875330947500e-04,2.297084875330947500e-04
4.240313414538681158e-01,3.845509776390848566e-01,6.392790095570867193e-01,8.881671949038633107e-02,2.000000000000000164e-05,3.223035834766075358e-01,2.055383451825883484e+10,5.707494918136830214e-02,5.707494918136830214e-02
4.530622094813220868e-01,6.523891452108098177e-01,3.685801503017384073e-01,9.388385955381017833e-02,2.000000000000000164e-05,2.728825878963964113e-01,2.032702593258803177e+10,2.061230917865744527e-02,2.061230917865744527e-02
-4.346327849612680039e-01,5.009416523606885496e-01,4.733666166380529061e-01,7.557761147925713685e-02,2.000000000000000164e-05,5.230858094181956019e-01,2.097752743781937790e+10,1.683684303187047695e-03,1.683684303187047695e-03
4.105159089320997712e-01,-2.358402943044625721e-01,7.522227246220164476e-01,1.006085896271829705e-01,2.000000000000000164e-05,2.217382210073866600e-01,1.315299259799052048e+10,2.586794687315233099e-01,2.586794687315233099e-01
8.390439576715452707e-01,4.492624160865290456e-02,2.217153943384797543e-01,9.378179858756025000e-02,2.000000000000000164e-05,2.737748920883043002e-01,1.630047417345254707e+10,5.361379006437928633e-03,5.361379006437928633e-03
2.399824110024481039e-01,-7.208569773049235963e-01,3.152633349054819734e-01,7.836600426441321654e-02,2.000000000000000164e-05,4.692115597685698192e-01,2.791684659683446884e+10,1.904469265425564771e-04,1.904469265425564771e-04
-5.620675162431502253e-02,8.098434629983715105e-01,3.790924574400867941e-01,1.034697423545692246e-01,2.000000000000000164e-05,2.038471244357011880e-01,1.366708226168453026e+10,5.040128340081238140e-02,5.040128340081238140e-02
4.657612361459080863e-01,-3.656608840610194311e-01,5.421397923761681614e-01,7.425515258171061506e-02,2.000000000000000164e-05,5.515348341220429607e-01,2.462841661096403122e+10,2.156091803513655847e-04,2.156091803513655847e-04
-1.436448870466192629e-01,-2.244397209227594614e-01,7.499751634606901529e-01,7.146828521058330719e-02,2.000000000000000164e-05,6.186044957434487790e-01,2.645270218847763062e+10,2.382640107102865310e-03,2.382640107102865310e-03
5.248438103783515940e-01,-4.051040983625323610e-01,4.451558443090440909e-01,7.148217422083888439e-02,2.000000000000000164e-05,6.182444286820549806e-01,2.125378859033515549e+10,3.569284676906554180e-04,3.569284676906554180e-04
7.571943777253162811e-01,3.290020846827231282e-01,1.764709431712886134e-01,8.154906335346787105e-02,2.000000000000000164e-05,4.163841525052442982e-01,1.468105420488936234e+10,2.647421664423982150e-04,2.647421664423982150e-04
-2.388312168002375835e-01,7.760740617966228605e-01,2.767303522317714481e-01,8.723764090262367543e-02,2.000000000000000164e-05,3.401245646366509723e-01,1.973205712635266113e+10,1.873832461008820716e-03,1.873832461008820716e-03
-3.383915546911383521e-01,-5.282285217981660397e-01,6.078400118896288840e-01,9.295946564274124024e-02,2.000000000000000164e-05,2.811041751889357676e-01,1.260040092574723625e+10,1.883478201676300756e-01,1.883478201676300756e-01
-2.435772199209837430e-04,4.511380367566169558e-01,6.151499373159442507e-01,6.692249725259341586e-02,2.000000000000000164e-05,7.534205516259836477e-01,3.915407914746271515e+10,2.684612473887359107e-04,2.684612473887359107e-04
7.191862874105975356e-01,-4.823156062154451695e-01,1.145154601950156975e-01,9.431066196001866575e-02,2.000000000000000164e-05,2.691940009214444651e-01,1.444386903912769318e+10,3.900522921132637631e-03,3.900522921132637631e-03
3.285136258591415115e-01,4.047521771907244825e-01,7.124125761511878041e-01,9.844603809079643941e-02,2.000000000000000164e-05,2.366746685883068524e-01,1.529261853702203751e+10,4.536787342806450352e-01,4.536787342806450352e-01
-1.472954151234659448e-01,7.334547727656459681e-01,4.549934653109569127e-01,9.424243561637568600e-02,2.000000000000000164e-05,2.697794397399336241e-01,1.584990620264049721e+10,9.735917454223032286e-02,9.735917454223032286e-02
-6.719016293779447868e-02,-2.444019984790565259e-01,7.357866745100468675e-01,6.902369536142051454e-02,2.000000000000000164e-05,6.866871596637530439e-01,3.281342587540644073e+10,3.574795368630068605e-04,3.574795368630068605e-04
-4.387838052773072595e-01,-2.500879177977756163e-01,6.386901006921814616e-01,7.584815101542892457e-02,2.000000000000000164e-05,5.175083946794342138e-01,2.833548134595943832e+10,5.501702668750241406e-04,5.501702668750241406e-04
1.432047324459981841e-01,-7.923337387439866042e-02,7.825960757969635528e-01,7.138709481756626285e-02,2.000000000000000164e-05,6.207175628236063503e-01,2.408916279056922913e+10,2.144894601669006771e-03,2.144894601669006771e-03
-5.037281042861747604e-01,-4.310678176264727823e-01,4.593911754967532346e-01,7.383480361356507815e-02,2.000000000000000164e-05,5.610086237518709940e-01,2.900421498331437683e+10,1.080321036158604512e-04,1.080321036158604512e-04
-2.478596750227938239e-01,5.311331476091928350e-01,5.492407150087732504e-01,7.305856309277782012e-02,2.000000000000000164e-05,5.790813011311314318e-01,2.245816122774406815e+10,5.603273668044555199e-04,5.603273668044555199e-04
-8.274215479223464564e-01,2.399783106951524081e-01,1.416895462177689136e-01,9.295439439021305206e-02,2.000000000000000164e-05,2.811509570030184535e-01,1.382627361433989906e+10,1.383507864530075099e-02,1.383507864530075099e-02
-1.946240291971318079e-02,8.181894856662448312e-01,3.022561573517231759e-01,9.272190198309168685e-02,2.000000000000000164e-05,2.832704201732192395e-01,1.493865012771162415e+10,9.561445521889706811e-03,9.561445521889706811e-03
-2.426546777992329845e-02,-7.268765191039903151e-01,3.728779597899471998e-01,7.507730402400390746e-02,2.000000000000000164e-05,5.336130803993123228e-01,2.595688584864471054e+10,1.945949826950739425e-03,1.945949826950739425e-03
-3.161114543357866347e-01,-1.748142918416606961e-01,8.064692886687305773e-01,9.559775605893593153e-02,2.000000000000000164e-05,2.584667250913656456e-01,1.271291636800626183e+10,4.171336855031090862e-01,4.171336855031090862e-01
8.522787548958348225e-01,6.908101699317077682e-02,1.266878968842075348e-01,9.162363374558958606e-02,2.000000000000000164e-05,2.935796882941180685e-01,1.560482430142175674e+10,1.584770670311978985e-03,1.584770670311978985e-03
-4.914528165085467470e-03,-5.203169078784851687e-01,5.832157163827276225e-01,6.780162537157718994e-02,2.000000000000000164e-05,7.244917193403344058e-01,2.348091526467926025e+10,2.153286087711961958e-04,2.153286087711961958e-04
-3.950330683624098116e-01,-5.014363243277502463e-02,6.517572534422469976e-01,6.642674861500584560e-02,2.000000000000000164e-05,7.704154189940012332e-01,4.026935608907771301e+10,1.804792649201832479e-04,1.804792649201832479e-04
-1.431073461069818920e-01,-4.714768460554632501e-01,6.627680202960214428e-01,7.600912499890265239e-02,2.000000000000000164e-05,5.142272794483171428e-01,1.847773243123724747e+10,5.928253746364012776e-03,5.928253746364012776e-03
-3.570704572865054938e-01,-1.582287980518872483e-01,6.981955274316978821e-01,7.236912986415905413e-02,2.000000000000000164e-05,5.957896949161347599e-01,2.873422280627302933e+10,4.576774735191812518e-04,4.576774735191812518e-04
-4.593028948818752011e-01,-2.181060905246347270e-02,6.704653969138719694e-01,7.546394388757352023e-02,2.000000000000000164e-05,5.254531162115081422e-01,2.965634710463052750e+10,3.808236116396291476e-03,3.808236116396291476e-03
3.401620007408823754e-01,-2.127464303102416243e-01,7.784548327716332983e-01,9.452653787464573854e-02,2.000000000000000164e-05,2.673542340254064786e-01,1.709805561266915321e+10,4.249199727236027124e-01,4.249199727236027124e-01
-7.861886810286624616e-01,3.322673977660056677e-01,8.931574251430925149e-02,8.649133606834642773e-02,2.000000000000000164e-05,3.490067343465144134e-01,1.974734418005504608e+10,7.837165773896657582e-04,7.837165773896657582e-04
-4.639134899383189348e-01,-5.739043283964998521e-01,4.216036208674352470e-01,8.432151159651363193e-02,2.000000000000000164e-05,3.766477003312787564e-01,1.802781882256515121e+10,5.403490023080656686e-03,5.403490023080656686e-03
-2.361660568012807770e-01,7.148924927385953421e-01,3.518111917664016874e-01,7.997976959609125192e-02,2.000000000000000164e-05,4.413783567634541605e-01,2.437852477105459213e+10,4.174843138651228650e-03,4.174843138651228650e-03
-2.062829581935819168e-01,-7.243511644676379202e-01,3.253198785052116015e-01,7.312891635295998283e-02,2.000000000000000164e-05,5.774115235782069089e-01,1.225341596164086914e+10,5.035225959295631373e-04,5.035225959295631373e-04
-2.822683883014180939e-01,-1.008287252694767683e-01,7.659679711002759239e-01,7.691260429221281891e-02,2.000000000000000164e-05,4.963174946778780017e-01,2.090248654410485077e+10,6.107112885500806838e-03,6.107112885500806838e-03
-1.648212220181873022e-01,-7.841769823052268107e-01,2.718896524107675683e-01,8.117846827955015054e-02,2.000000000000000164e-05,4.221133296165895943e-01,1.275903556101292419e+10,1.079767912219882151e-02,1.079767912219882151e-02
6.582001064894174025e-01,-2.197253700188734338e-01,4.459106781897764216e-01,8.093199449230700782e-02,2.000000000000000164e-05,4.259813009661426175e-01,2.748020359932888031e+10,4.765780917179563911e-03,4.765780917179563911e-03
4.432448556511439652e-01,-3.495382147095228709e-02,7.384495232436824041e-01,8.868167061466840362e-02,2.000000000000000164e-05,3.237783140799430082e-01,1.834049104225504684e+10,4.688007026931176324e-02,4.688007026931176324e-02
3.703217749744827647e-01,-7.472636533011819404e-01,2.233326947493862458e-01,8.942788243445695673e-02,2.000000000000000164e-05,3.157405141452576669e-01,1.539820324035620308e+10,3.408657636879039790e-03,3.408657636879039790e-03
4.279345005024818294e-01,4.799453984496799275e-01,4.985167689991966689e-01,7.550282205062018581e-02,2.000000000000000164e-05,5.246429565094105074e-01,2.400171440252049255e+10,1.788821350368234760e-03,1.788821350368234760e-03
-2.005207274608809265e-01,-6.400231229325793469e-01,5.452338397486893307e-01,9.084098218706722350e-02,2.000000000000000164e-05,3.012341244588312428e-01,1.589430851240802193e+10,4.497654572759361702e-02,4.497654572759361702e-02
-8.228702595126707875e-01,-3.794908316473699084e-01,6.682850167033968503e-02,1.105168999722540152e-01,2.000000000000000164e-05,1.672845586047998490e-01,1.418702987847684097e+10,2.396436553970850494e-02,2.396436553970850494e-02
-3.734030341570268585e-01,9.259650882306134922e-02,7.954827073446353314e-01,9.781299891745065533e-02,2.000000000000000164e-05,2.412998483834817021e-01,1.198876834736550331e+10,5.159422905343539201e-01,5.159422905343539201e-01
-4.739216693215531073e-01,-3.794515713653766054e-01,6.549009152933932265e-01,1.009144660915712727e-01,2.000000000000000164e-05,2.197279631318801163e-01,1.776703878629226303e+10,4.447297584190620379e-01,4.447297584190620379e-01
3.527209291499592836e-01,7.498772028603886142e-01,3.176590178166466827e-01,9.939878505599693270e-02,2.000000000000000164e-05,2.299338490383325551e-01,1.369838913616761589e+10,1.395073241745414111e-02,1.395073241745414111e-02
6.992086482457174901e-01,-2.107510029509673810e-01,3.560094737877554372e-01,7.682645124324345709e-02,2.000000000000000164e-05,4.979890702630477284e-01,2.735822103029237366e+10,1.100670478017828924e-04,1.100670478017828924e-04
2.581956593464356658e-02,-5.189697238355293202e-02,8.684910596722927867e-01,8.955857727576002625e-02,2.000000000000000164e-05,3.143602028739362342e-01,1.780807730919510651e+10,1.234639578235133400e-01,1.234639578235133400e-01
3.907592859197240309e-01,-5.570402730110237538e-02,7.037965649835625781e-01,7.465939730489089265e-02,2.000000000000000164e-05,5.426243066780409574e-01,2.685500521993095779e+10,2.304272418647853801e-03,2.304272418647853801e-03
-7.003529193624122851e-01,-2.418901846815454393e-01,4.559121185136587595e-01,9.386805972374945295e-02,2.000000000000000164e-05,2.730205127680798705e-01,1.445908131899779892e+10,2.549288450622530511e-01,2.549288450622530511e-01
-1.446707298943968600e-01,9.564122962204384126e-02,8.164624252760963596e-01,8.098578000876907601e-02,2.000000000000000164e-05,4.251331161139049741e-01,2.466877267108423233e+10,2.081015868315667927e-02,2.081015868315667927e-02
-3.464725357208188194e-01,7.650349459328957547e-02,7.631317379515168975e-01,8.129533345137432421e-02,2.000000000000000164e-05,4.202951109965907817e-01,1.065447658512355804e+10,4.611828391753549500e-02,4.611828391753549500e-02
-2.063808715278292460e-01,-2.219463964456213634e-01,7.246878090504697001e-01,6.908521110921042596e-02,2.000000000000000164e-05,6.848544396144436996e-01,2.847471939907649612e+10,4.789544334470125712e-04,4.789544334470125712e-04
5.346399399449588419e-01,3.328564943960481970e-01,5.663441786578637949e-01,8.641811747621370998e-02,2.000000000000000164e-05,3.498932326219731936e-01,2.636827052254477310e+10,3.495126241892825697e-02,3.495126241892825697e-02
-1.590186685780011766e-01,-6.308622850142607819e-01,4.760466140754867070e-01,7.195732423311350379e-02,2.000000000000000164e-05,6.060776190402019648e-01,2.389187631096645355e+10,1.746456836007695976e-04,1.746456836007695976e-04
-1.673778495199504113e-01,-5.174577059653123756e-01,5.790421174235851343e-01,7.043153583182315547e-02,2.000000000000000164e-05,6.463276799733396194e-01,2.405577674569367981e+10,1.535570251406478742e-03,1.535570251406478742e-03
-1.223812712628028765e-01,-1.653288361048407817e-01,8.133581157325336930e-01,8.010869985323382236e-02,2.000000000000000164e-05,4.392506275445767217e-01,2.340003917052514267e+10,1.163344504016664699e-02,1.163344504016664699e-02
3.754111618597135713e-01,-1.189733665166037430e-01,7.263332354799332258e-01,7.888457575470304850e-02,2.000000000000000164e-05,4.600186488773049809e-01,2.161313021091765976e+10,3.290758798068147556e-02,3.290758798068147556e-02
-7.493718810538290143e-01,3.313136922354681935e-01,1.982016323025377891e-01,8.199580532380897069e-02,2.000000000000000164e-05,4.096152430452107973e-01,1.581418215248903465e+10,9.861210555103844429e-04,9.861210555103844429e-04
-1.618878318475741873e-01,4.991597975178494462e-01,6.967809888195459767e-01,9.447747387270863384e-02,2.000000000000000164e-05,2.677711320793951244e-01,1.509974331853056908e+10,1.209328565350814427e-01,1.209328565350814427e-01
2.488776531289962346e-01,-6.510574748288667779e-01,4.022270603530728184e-01,7.342986830484865557e-02,2.000000000000000164e-05,5.703414332442878765e-01,2.691905142913784027e+10,1.911787813251365797e-04,1.911787813251365797e-04
-2.934241260472255641e-01,-5.918145030467566459e-01,5.111668424711401926e-01,7.984559862255040386e-02,2.000000000000000164e-05,4.436071788485347334e-01,1.801952860567057037e+10,8.813594568700493931e-03,8.813594568700493931e-03
-5.306256338966455210e-01,5.525261124643938704e-01,3.232285866308299283e-01,7.984694970109600110e-02,2.000000000000000164e-05,4.435846546050842276e-01,2.188633359562168121e+10,8.707769147265194366e-04,8.707769147265194366e-04
5.000623542320802306e-01,-3.026665347397009542e-01,5.605205835921160951e-01,7.527351724784844822e-02,2.000000000000000164e-05,5.294511694517217704e-01,2.896884048196889877e+10,6.879151961740216127e-03,6.879151961740216127e-03
-2.913019692958410470e-02,-6.695306083252847706e-01,4.553573529833684352e-01,7.198863561213457440e-02,2.000000000000000164e-05,6.052868415469168095e-01,1.631765113635029411e+10,2.393940250668272001e-04,2.393940250668272001e-04
-6.007573728299429039e-01,-3.532801551812950885e-02,5.479026926480234927e-01,7.293710671359786291e-02,2.000000000000000164e-05,5.819789836413327144e-01,1.836069299707499313e+10,2.532927680957938830e-03,2.532927680957938830e-03
-6.715568068271651203e-01,2.937973157787179823e-01,4.503954492903916029e-01,8.998816127996055181e-02,2.000000000000000164e-05,3.098795137257011612e-01,1.439944366654599762e+10,3.088843935164688193e-02,3.088843935164688193e-02
2.804123441439231312e-01,5.247491425073569360e-01,5.250016261840887433e-01,7.114076375656484819e-02,2.000000000000000164e-05,6.271884879464972862e-01,3.097387337772959900e+10,4.202111993245927798e-04,4.202111993245927798e-04
-6.588994919171871079e-01,-1.997760411904711264e-01,4.068954472083271545e-01,7.124118125678426117e-02,2.000000000000000164e-05,6.245399812897144409e-01,2.242470482828485870e+10,7.979906596623059485e-04,7.979906596623059485e-04
4.265970399168892424e-01,-1.868556229262984814e-01,7.208009281784201194e-01,8.739961962089735914e-02,2.000000000000000164e-05,3.382369635009847553e-01,1.100989046829641533e+10,5.502042525184578509e-02,5.502042525184578509e-02
-3.900789355036309303e-01,3.945487152128914765e-01,6.890378525371136931e-01,1.004041402116575971e-01,2.000000000000000164e-05,2.230955613404118354e-01,1.272550852303033257e+10,1.318787936042761511e-01,1.318787936042761511e-01
1.671466250844883539e-01,8.307293593579587743e-01,2.645125682018507618e-01,9.937284935178257450e-02,2.000000000000000164e-05,2.301139491425318595e-01,1.409711104834262085e+10,1.495565904262574804e-02,1.495565904262574804e-02
2.928160317972127169e-01,4.490113953909488642e-02,7.110143693558859113e-01,6.499884324709703787e-02,2.000000000000000164e-05,8.223132339512871924e-01,2.490210638123693085e+10,3.571553425313528634e-03,3.571553425313528634e-03
6.277915109509599745e-01,-7.922559171241276565e-02,5.157031194947581110e-01,7.392683272987961296e-02,2.000000000000000164e-05,5.589159273426062002e-01,1.586225440290199280e+10,1.004155142761073080e-02,1.004155142761073080e-02
-5.407085371856261702e-01,4.140730927905251213e-01,4.565731870786282620e-01,7.654608446408112110e-02,2.000000000000000164e-05,5.034812559727627201e-01,1.325783901664442253e+10,1.739950032392262357e-03,1.739950032392262357e-03
3.091329548444184949e-01,4.082461124694633514e-01,5.904700358984302788e-01,6.887773827871367105e-02,2.000000000000000164e-05,6.910618925948820435e-01,3.032132300965303421e+10,6.001198566892876297e-04,6.001198566892876297e-04
4.154850475658627973e-01,-4.504528994106803963e-01,4.949260613860482216e-01,7.046288530348045198e-02,2.000000000000000164e-05,6.454640424567141821e-01,2.772440253814339066e+10,2.078685842031667140e-04,2.078685842031667140e-04
6.314611171432638059e-01,4.060288204839992421e-01,4.098677436773722760e-01,8.671143551996901566e-02,2.000000000000000164e-05,3.463562726238952894e-01,1.526503166022639465e+10,4.340534022890739710e-03,4.340534022890739710e-03
-4.763982049430404153e-02,-5.004446138825766610e-01,6.865582900415408973e-01,8.458030554848165739e-02,2.000000000000000164e-05,3.732008789784956315e-01,1.811090284099044037e+10,5.854360660676919542e-02,5.854360660676919542e-02
3.499125303005428123e-01,2.353082020239359584e-01,7.501293932446059243e-01,8.922843011795987544e-02,2.000000000000000164e-05,3.178626146318577761e-01,1.867183226578446579e+10,9.324720463024660511e-02,9.324720463024660511e-02
2.093851228480557991e-01,5.042764042785982115e-01,6.098123034727364056e-01,7.581179569387301587e-02,2.000000000000000164e-05,5.182532359843258218e-01,2.164778519098960495e+10,3.281054603013539104e-03,3.281054603013539104e-03
3.218500930188605280e-01,-1.086506257592030067e-01,6.873319592236634135e-01,6.774954929582248375e-02,2.000000000000000164e-05,7.261636715979916668e-01,3.380243212134138870e+10,3.664764827144409215e-04,3.664764827144409215e-04
8.381276912149706465e-03,6.753053515766542780e-01,4.788150005094887751e-01,7.850037828056043165e-02,2.000000000000000164e-05,4.668061165344620789e-01,1.984533212079811859e+10,8.270477255949273965e-03,8.270477255949273965e-03
7.814636081048504934e-01,2.825881322516329494e-02,3.207415675609383010e-01,8.408411847012869922e-02,2.000000000000000164e-05,3.798469143056663055e-01,2.034019554459650803e+10,8.174207292426301230e-03,8.174207292426301230e-03
3.532904587756032222e-01,-7.128591576279911246e-01,3.129456158896808948e-01,8.666090491744603275e-02,2.000000000000000164e-05,3.469606524505446932e-01,1.888047250073566437e+10,3.121619542485744650e-03,3.121619542485744650e-03
-2.822703370962397762e-01,1.398603164099943355e-02,8.218092323256570575e-01,9.025627011751943818e-02,2.000000000000000164e-05,3.071261384413616069e-01,1.435752884731326675e+10,7.028105832897965644e-02,7.028105832897965644e-02
-7.761220359595866203e-01,-1.192961333952131803e-01,3.130036411960048226e-01,8.435442345750295001e-02,2.000000000000000164e-05,3.762070053142801407e-01,2.245661602566138077e+10,8.283784214514196970e-03,8.283784214514196970e-03
-7.185004892765970430e-01,4.255064791365329446e-01,2.664554491073749531e-01,9.530786760484562248e-02,2.000000000000000164e-05,2.608325446216069321e-01,1.415291196367979431e+10,3.252644907395507712e-02,3.252644907395507712e-02
7.346087588498675380e-01,8.169034470178933305e-02,3.393709551453625295e-01,7.553144593710180155e-02,2.000000000000000164e-05,5.240455642227654920e-01,2.173850912366626358e+10,1.015511826390310865e-04,1.015511826390310865e-04
6.539764208660588940e-01,1.956296438959925776e-01,5.264389028759317579e-01,8.984581432610255769e-02,2.000000000000000164e-05,3.113547470162149611e-01,2.151132139841689301e+10,3.495152918710807410e-02,3.495152918710807410e-02
-1.944994010678178786e-01,-2.818260966616898400e-01,8.035815076881891450e-01,9.095789595786263337e-02,2.000000000000000164e-05,3.000734087378308934e-01,1.565465456489233971e+10,5.671023077727092160e-02,5.671023077727092160e-02
-7.697492329578188297e-01,-3.693022253513817549e-02,3.130525230469766718e-01,8.114842632937493971e-02,2.000000000000000164e-05,4.225819180251624285e-01,2.107688534407014084e+10,1.760852671311552388e-03,1.760852671311552388e-03
2.465327761914427873e-01,-1.148992599993301639e-01,8.000353665527786262e-01,8.243480462050724322e-02,2.000000000000000164e-05,4.031058311584752030e-01,1.860923142400755310e+10,3.810971888141737735e-02,3.810971888141737735e-02
-2.609118865447030422e-01,-5.348838449280562957e-01,5.393976326311072933e-01,7.345799949025813569e-02,2.000000000000000164e-05,5.696864425716493541e-01,3.037036664721981430e+10,2.153398025310237249e-04,2.153398025310237249e-04
-2.966686515473381247e-01,6.976420618198639900e-01,3.144962848602773087e-01,7.798199386563001156e-02,2.000000000000000164e-05,4.761775318895807296e-01,3.385677646114160538e+10,1.628216422803229803e-04,1.628216422803229803e-04
-2.528468815751532817e-01,8.317222504742826095e-01,2.098613982335040540e-01,1.008923181798619256e-01,2.000000000000000164e-05,2.198727012438128903e-01,1.476827298035527229e+10,1.042130799222028455e-02,1.042130799222028455e-02
-4.206190332342445160e-02,6.649269133215903738e-01,5.474902632061442453e-01,8.890204288229193452e-02,2.000000000000000164e-05,3.213764687223721328e-01,1.500971824702328873e+10,2.210100156374686375e-02,2.210100156374686375e-02
-4.499843819484748986e-01,7.365353153509349715e-01,1.749327699636481770e-01,9.659807602249191605e-02,2.000000000000000164e-05,2.505196474977242627e-01,1.397064292668386269e+10,1.080310359163552843e-02,1.080310359163552843e-02
6.844565905243756854e-01,-1.435918428406358360e-01,4.057319981371380058e-01,7.455245561618287220e-02,2.000000000000000164e-05,5.449628005193176694e-01,2.362719803017636490e+10,4.458836090027066081e-04,4.458836090027066081e-04
-2.710102380596856597e-01,-1.517237872040234359e-01,6.875563348744686554e-01,6.479316452227752710e-02,2.000000000000000164e-05,8.301692023185776037e-01,4.499782168873355103e+10,1.496346262313543677e-04,1.496346262313543677e-04
-2.243243693959113827e-01,-7.197603925864029528e-02,7.462460797529612000e-01,6.855486898241205940e-02,2.000000000000000164e-05,7.008719954856038603e-01,2.928212639035806656e+10,4.922816196980256539e-04,4.922816196980256539e-04
-6.028495324675364753e-01,1.821149637190959056e-02,6.047599841550669320e-01,8.667874586465386388e-02,2.000000000000000164e-05,3.467464486791836387e-01,1.232237474537584496e+10,1.078272855062878260e-01,1.078272855062878260e-01
-5.560094521141365487e-01,5.712034411690626312e-01,3.709159442376957494e-01,9.667333064530915510e-02,2.000000000000000164e-05,2.499350529789739483e-01,1.359066691319836998e+10,1.000362377222829002e-01,1.000362377222829002e-01
-5.353180212542565375e-01,-2.701626624184937375e-01,5.201143195480179005e-01,6.991786350896411761e-02,2.000000000000000164e-05,6.606783050041423744e-01,2.300352386752744293e+10,1.900580582452722684e-04,1.900580582452722684e-04
-1.785330660306855277e-01,2.145779768841608592e-01,8.464223435464364176e-01,9.988706268514950526e-02,2.000000000000000164e-05,2.265782635487848529e-01,1.298039678332526779e+10,1.000000000000000000e+00,1.000000000000000000e+00
2.377546922764864346e-01,1.537400964799603142e-01,7.335381361882384876e-01,6.830567242367679981e-02,2.000000000000000164e-05,7.085729375040314970e-01,2.683702920547992706e+10,9.515325071889309868e-04,9.515325071889309868e-04
-3.502873196177774262e-01,-5.849115950112359075e-01,4.358279391367161359e-01,7.328861018623790413e-02,2.000000000000000164e-05,5.736456201884607697e-01,2.667409886342431641e+10,1.591888775904271079e-04,1.591888775904271079e-04
5.998997362109284026e-01,4.232895334974953183e-01,4.643254726946849376e-01,9.218402739955723624e-02,2.000000000000000164e-05,2.882579836624895031e-01,1.266017639148539543e+10,2.338022863335744925e-02,2.338022863335744925e-02
6.612625822612052673e-01,6.034378506170338247e-02,4.639903103891181990e-01,7.407907639192319593e-02,2.000000000000000164e-05,5.554770053026140131e-01,2.937453877776519394e+10,9.201033176960394210e-04,9.201033176960394210e-04
3.630512609063824558e-01,-7.154120130611303363e-01,3.739137782256071185e-01,9.928402217497785121e-02,2.000000000000000164e-05,2.307321537706509829e-01,1.427851916305597496e+10,6.576857292301807600e-02,6.576857292301807600e-02
4.260989058844854016e-01,-6.920736173336031749e-01,3.038671092293213083e-01,9.122812702478015623e-02,2.000000000000000164e-05,2.974146635904512670e-01,1.301278651151590157e+10,7.373601721512672985e-03,7.373601721512672985e-03
-3.923889627319804840e-01,-4.966825946256960278e-01,5.042405534535561173e-01,7.385581647291172835e-02,2.000000000000000164e-05,5.605299402617642812e-01,2.466313189150199127e+10,2.118499026256854417e-04,2.118499026256854417e-04
4.771878778204990956e-01,-2.452034664841678258e-01,6.166366796860031085e-01,7.734687602248756233e-02,2.000000000000000164e-05,4.880043480837283898e-01,2.137235185594992828e+10,3.989999160602481117e-03,3.989999160602481117e-03
-7.458623010529740194e-01,1.723770488259406541e-01,3.236838465185860048e-01,7.851358956396191358e-02,2.000000000000000164e-05,4.665705070710515212e-01,1.211630296688751984e+10,2.150204099823013401e-02,2.150204099823013401e-02
-1.539711011216175207e-01,-8.743792255906958077e-01,1.258650896829200706e-02,9.862579858251722953e-02,2.000000000000000164e-05,2.353828611726175024e-01,1.291757348055557060e+10,1.172948607678023399e-03,1.172948607678023399e-03
-8.138847671633415992e-02,3.884064137657446403e-01,7.856782678014629928e-01,9.621733066002906287e-02,2.000000000000000164e-05,2.535055506403374737e-01,2.483674239057431412e+10,2.031543511188307616e-01,2.031543511188307616e-01
-3.137900363254619296e-01,5.921777022032930216e-01,5.704692778307868251e-01,9.672071667319750987e-02,2.000000000000000164e-05,2.495678457279237872e-01,1.294067694959476662e+10,2.481271683599843847e-01,2.481271683599843847e-01
-1.921540029281500472e-01,4.552782761799611388e-01,6.922553402404175715e-01,8.631334470312350404e-02,2.000000000000000164e-05,3.511689715800980771e-01,1.576806604462790298e+10,1.344491238789181052e-02,1.344491238789181052e-02
-6.189882976152991656e-01,-1.920790485038478546e-01,4.864392047865926383e-01,7.220293507131864130e-02,2.000000000000000164e-05,5.999132635868945629e-01,1.755241338990797424e+10,1.902386788456035755e-03,1.902386788456035755e-03
6.948353536370862615e-01,-1.757323414267435713e-01,5.278662615835578720e-01,1.030503276940672175e-01,2.000000000000000164e-05,2.063463132917850718e-01,1.531304162449061775e+10,1.000000000000000000e+00,1.000000000000000000e+00
-2.246302512316915023e-01,4.441862490469523084e-01,6.358353566274573820e-01,7.400553595673400875e-02,2.000000000000000164e-05,5.571345996077408103e-01,2.048778761356692886e+10,1.164101144205359527e-03,1.164101144205359527e-03
-6.276522933372041813e-01,1.198464258947002231e-01,4.845889721071960921e-01,7.106356352603336590e-02,2.000000000000000164e-05,6.292341196382950086e-01,2.404432749356760025e+10,1.866077418039754779e-03,1.866077418039754779e-03
-7.642161228115441629e-01,-1.624386777452194452e-01,3.823602645344725826e-01,9.329961613687000332e-02,2.000000000000000164e-05,2.780411537383403742e-01,1.421779019176182175e+10,2.092226437099825587e-01,2.092226437099825587e-01
-7.976065050466740747e-01,-2.690105245530544087e-01,2.401281242112161818e-01,9.539916842780514494e-02,2.000000000000000164e-05,2.600841571008362663e-01,1.848764808378002167e+10,1.949621133099627493e-02,1.949621133099627493e-02
6.742114647716205278e-01,1.915733692645513880e-02,4.131160535775654230e-01,7.021081197854756040e-02,2.000000000000000164e-05,6.524429046933123422e-01,2.418941280379774857e+10,6.724253155513910474e-04,6.724253155513910474e-04
-3.460260050636371210e-01,1.812825702564075381e-01,6.537457459519734337e-01,6.481865146172831327e-02,2.000000000000000164e-05,8.291903037865375747e-01,2.130017339889622879e+10,1.606237740802651749e-04,1.606237740802651749e-04
-8.926280597056687749e-02,-4.228097710994564440e-01,7.086953899721627481e-01,7.778788797217890683e-02,2.000000000000000164e-05,4.797511156369316798e-01,2.209605329630714798e+10,4.897697765596714832e-03,4.897697765596714832e-03
6.640152773219553106e-01,4.517416008724876586e-01,3.363631664951441946e-01,9.307439868685725426e-02,2.000000000000000164e-05,2.800646614699583425e-01,1.124165535356811333e+10,5.119788537436054804e-02,5.119788537436054804e-02
-5.765942212345911283e-02,1.935901419779221533e-01,8.486614242988796963e-01,9.176547155117810439e-02,2.000000000000000164e-05,2.922204446430534119e-01,1.281036772182851219e+10,1.984990706670025917e-01,1.984990706670025917e-01
-5.035037650496897443e-01,-7.018938447608920050e-01,1.556810205338291231e-01,9.520042513673911133e-02,2.000000000000000164e-05,2.617167894650538340e-01,1.439143495390800858e+10,2.175530416102511126e-03,2.175530416102511126e-03
-1.248185145384690248e-01,-1.779194027421783161e-02,8.605630768357874771e-01,8.958115254788226456e-02,2.000000000000000164e-05,3.141225939904819242e-01,1.659139191914196014e+10,4.395292149268619636e-02,4.395292149268619636e-02
-6.927021334898896265e-01,-2.392043054317951611e-01,3.766912113316827071e-01,7.762500368102982773e-02,2.000000000000000164e-05,4.827775850249487188e-01,2.181743875114060974e+10,9.369338738742922362e-03,9.369338738742922362e-03
-4.516029857085051002e-01,-7.077120896064678091e-01,2.095330726643400143e-01,9.074971497825243261e-02,2.000000000000000164e-05,3.021433071904001122e-01,1.454887787267248344e+10,5.472508601350045340e-03,5.472508601350045340e-03
-7.238855731951413519e-01,1.727478998454031744e-01,3.144137277227919691e-01,7.090788893161463491e-02,2.000000000000000164e-05,6.333876105091056363e-01,1.409183666844867897e+10,1.196488091370743112e-03,1.196488091370743112e-03
2.909860486523508372e-01,3.498460271000695676e-01,7.515672980402714476e-01,9.695503873263992822e-02,2.000000000000000164e-05,2.477626685735284384e-01,1.368340805417860985e+10,5.102955930684471841e-01,5.102955930684471841e-01
-1.876045456819693258e-01,3.956910531178797763e-01,7.877432495633340803e-01,1.059246125923556936e-01,2.000000000000000164e-05,1.899997909386631767e-01,1.247583831011140442e+10,2.056219580590707974e-01,2.056219580590707974e-01
6.867084266387041280e-01,-3.649160025286521947e-01,3.741337753637178354e-01,9.130015067123439798e-02,2.000000000000000164e-05,2.967113430681774244e-01,1.496934986954902267e+10,2.105098809935300117e-02,2.105098809935300117e-02
-4.537059627206428969e-01,-4.105086210080849951e-01,5.693756826488111100e-01,8.139934676728272089e-02,2.000000000000000164e-05,4.186859593739326590e-01,2.594219008577465820e+10,7.342565249840391113e-03,7.342565249840391113e-03
-7.959168383510921707e-01,-4.247551759899174939e-02,4.073802632286287473e-01,1.046102740858304986e-01,2.000000000000000164e-05,1.972519302086370441e-01,1.503798044246915817e+10,4.084194965528357146e-01,4.084194965528357146e-01
-6.331573325142976216e-01,-2.518497460919645881e-01,4.354363213131579591e-01,7.304983268300291321e-02,2.000000000000000164e-05,5.792890945695537974e-01,1.994965622849433136e+10,2.064979598571921836e-03,2.064979598571921836e-03
2.904356703477651847e-01,2.629121627481505463e-01,6.643775981144873777e-01,6.711230952079758061e-02,2.000000000000000164e-05,7.470459156382484034e-01,3.668011810169641876e+10,2.020638696020797369e-04,2.020638696020797369e-04
-5.292632147548154142e-01,2.448083932246590891e-02,5.636983273728053412e-01,6.558613293975390501e-02,2.000000000000000164e-05,8.004201305191562810e-01,2.670713542793675232e+10,4.274835899456769857e-04,4.274835899456769857e-04
5.074818293234194533e-01,6.893575522345386508e-01,9.835763178305603760e-02,9.039798651965300080e-02,2.000000000000000164e-05,3.056839344301530148e-01,1.498340645170635986e+10,1.140586981177322271e-04,1.140586981177322271e-04
7.706049748931673715e-01,1.351645241594331970e-02,4.005668894559040183e-01,9.201367023276829649e-02,2.000000000000000164e-05,2.898620540851256644e-01,1.785983325884700394e+10,4.676919503630245362e-02,4.676919503630245362e-02
-2.125656438338483223e-01,7.254690502317584500e-01,4.394854958088120211e-01,9.315116720462920941e-02,2.000000000000000164e-05,2.793728400149571023e-01,1.568209077318624496e+10,9.543013809466942277e-02,9.543013809466942277e-02
2.470948828233555383e-01,-7.917291902120862090e-01,3.611404462598238885e-01,1.077329049652639842e-01,2.000000000000000164e-05,1.805918336608178798e-01,1.248992317663617516e+10,1.337228766599084240e-01,1.337228766599084240e-01
4.859445680772406240e-01,2.578824459823522708e-01,5.993261707577232089e-01,7.730950488789084529e-02,2.000000000000000164e-05,4.887123972708551922e-01,2.935868872723859024e+10,9.461240213168422902e-04,9.461240213168422902e-04
2.518201659501055900e-01,8.211308772719670968e-01,1.560122101675393280e-01,9.290975870474650622e-02,2.000000000000000164e-05,2.815556001881230896e-01,1.378773647974439621e+10,5.125712221382994769e-04,5.125712221382994769e-04
4.531419511981097936e-01,-2.915995928038465634e-01,6.937670535999944654e-01,9.730472524963693082e-02,2.000000000000000164e-05,2.451010248443324380e-01,2.415759732753571701e+10,1.101017478678512629e-01,1.101017478678512629e-01
2.958264864771678049e-01,-6.524444557176463100e-01,5.074230668085623064e-01,9.708299080473724307e-02,2.000000000000000164e-05,2.467843672116767639e-01,1.624711774621025658e+10,2.841218574598997626e-01,2.841218574598997626e-01
5.490387442389542683e-01,-5.960364156307859651e-02,5.643988916079282214e-01,6.820284601916372369e-02,2.000000000000000164e-05,7.117824885259828038e-01,2.610093624570039749e+10,2.024394491327002627e-03,2.024394491327002627e-03
-6.173732548537477216e-01,5.719467325594095319e-01,2.933715769248964600e-01,1.018246116623269804e-01,2.000000000000000164e-05,2.138882861304170213e-01,1.405152370692469597e+10,3.849152379164010734e-02,3.849152379164010734e-02
4.581397834185050866e-01,-7.120976782402832495e-01,2.216237188815506631e-01,9.449016493290302021e-02,2.000000000000000164e-05,2.676632049935905866e-01,1.531558423105960846e+10,4.991606317544296408e-03,4.991606317544296408e-03
-1.176898851488539927e-02,1.777461048367495744e-01,8.604409360238672866e-01,9.464015617912019396e-02,2.000000000000000164e-05,2.663924959625882938e-01,1.387163887182567787e+10,1.000000000000000000e+00,1.000000000000000000e+00
-7.860198685472467861e-02,1.748299232211297793e-01,7.763386348627941969e-01,7.295394242111367944e-02,2.000000000000000164e-05,5.815765363685839739e-01,3.284106752632780075e+10,7.536811875233395339e-03,7.536811875233395339e-03
-4.849532417319960542e-01,-2.004943652164586365e-01,5.925263108766978259e-01,6.905871169816772681e-02,2.000000000000000164e-05,6.856447921456916283e-01,2.315132688981826401e+10,4.365373088334881593e-04,4.365373088334881593e-04
4.863244013279955924e-01,4.816930061967148458e-01,4.292151406043469009e-01,7.423680792074756341e-02,2.000000000000000164e-05,5.519437388644592435e-01,2.530923694746354294e+10,3.050916190007428174e-04,3.050916190007428174e-04
-7.277234669417500523e-01,4.608243686717128917e-01,1.221488738960664205e-01,9.033797080109454147e-02,2.000000000000000164e-05,3.062935912758630308e-01,1.321783194619821930e+10,2.156141363052144211e-03,2.156141363052144211e-03
1.764150769875583724e-01,-2.325350388138597638e-02,7.528436602957676582e-01,6.677157828799946959e-02,2.000000000000000164e-05,7.585408560850164239e-01,3.031387441516375351e+10,4.810190290189318534e-04,4.810190290189318534e-04
2.274979592241071491e-01,-2.117385320107564028e-01,7.749182896918246355e-01,7.950642858023720949e-02,2.000000000000000164e-05,4.493087123295232410e-01,1.691517662376619720e+10,8.280766934644331889e-02,8.280766934644331889e-02
-2.430695057749549526e-01,1.017039216394447360e-01,8.313450819965564342e-01,9.194023576247220553e-02,2.000000000000000164e-05,2.905571786483558960e-01,1.243499671124654007e+10,4.964868874489998252e-01,4.964868874489998252e-01
-1.378840931620212706e-01,5.340575674505445569e-01,5.516449076674658780e-01,6.915737668891566714e-02,2.000000000000000164e-05,6.827127137068829121e-01,2.685530992307337570e+10,1.538457673063882696e-04,1.538457673063882696e-04
3.225259419464350796e-01,-4.958273163839333614e-02,7.263923998651433678e-01,7.284821136858854462e-02,2.000000000000000164e-05,5.841122251961938794e-01,3.218375310818571472e+10,1.048484870464292795e-03,1.048484870464292795e-03
7.372562114107528153e-02,-1.057981674260116169e-02,7.522350971076264825e-01,6.423109800311203876e-02,2.000000000000000164e-05,8.521565832918435168e-01,2.974094463724760818e+10,1.396536459184250011e-04,1.396536459184250011e-04
3.114805986435035812e-01,-4.026289883415998805e-01,6.859260689205152195e-01,8.641850866613808024e-02,2.000000000000000164e-05,3.498884816291274458e-01,1.308753605619957733e+10,1.102747864561005042e-01,1.102747864561005042e-01
4.490756938059217718e-01,2.696670586777124012e-01,6.911023464061988308e-01,9.195782559444580506e-02,2.000000000000000164e-05,2.903904724163297035e-01,1.935557306878798294e+10,4.365772039709348018e-02,4.365772039709348018e-02
1.831075669969443043e-01,-4.164076791209723183e-01,6.711645607118724710e-01,7.535823282580260407e-02,2.000000000000000164e-05,5.276675439132756384e-01,3.272278813002848053e+10,8.447456943594324960e-03,8.447456943594324960e-03
9.563160401600975802e-02,7.699655263116216286e-01,4.430172565595938972e-01,1.008110773182195330e-01,2.000000000000000164e-05,2.204047123434638433e-01,1.673884187463983727e+10,1.205279411682756707e-01,1.205279411682756707e-01
2.379422285363523015e-01,-5.093313870308704278e-02,8.658341006604720613e-01,1.041619228773335432e-01,2.000000000000000164e-05,1.998101146673206818e-01,1.392390007476343155e+10,1.000000000000000000e+00,1.000000000000000000e+00
4.870618177365373946e-01,7.235618501271584568e-02,6.270516197161966065e-01,7.054881234883554619e-02,2.000000000000000164e-05,6.431091529377234162e-01,2.356037956140541077e+10,1.038149075396532046e-03,1.038149075396532046e-03
7.020682263374308230e-01,2.042761216961343773e-01,5.199014315701585565e-01,1.050109759139714882e-01,2.000000000000000164e-05,1.950024355822922439e-01,1.525784249264665985e+10,1.026338615281197075e-01,1.026338615281197075e-01
3.943456974106776536e-01,-1.110340837418410387e-01,7.856230608347500866e-01,9.827096615732587581e-02,2.000000000000000164e-05,2.379418754371523115e-01,1.395280000481369400e+10,4.374666002127843845e-01,4.374666002127843845e-01
-3.214816374783251995e-01,-4.515805198283220356e-01,5.944103812746099891e-01,7.607111142333673748e-02,2.000000000000000164e-05,5.129712148918131875e-01,2.930836116340228271e+10,2.382674156210844163e-03,2.382674156210844163e-03
-7.828086759181327459e-01,-3.441085278381152412e-01,1.704471255247670680e-01,9.386643455791923718e-02,2.000000000000000164e-05,2.730342837008608581e-01,1.182810818758654594e+10,4.491527654680174154e-03,4.491527654680174154e-03
-1.581024433936676077e-01,7.439091889910544320e-02,8.878519694677508012e-01,1.057121668148333499e-01,2.000000000000000164e-05,1.911476372500501286e-01,1.375504753170315933e+10,1.000000000000000000e+00,1.000000000000000000e+00
